nodes,edges,density,radius,diameter,avg_degree,degree_variance,max_degree,global_clustering,avg_clustering,freeman_centralization,avg_betweenness,avg_closeness,avg_pagerank,degree_entropy,assortativity,avg_shortest_path,transitivity,edge_connectivity,node_connectivity,spectral_radius,label,graph_id
0.0,-0.050253666884625486,-0.050253666884625195,-0.34296922868012536,-0.34912676508979706,-0.05025366688462577,-0.6626188278218405,-0.7363466445527551,-1.0908070427296215,-1.2605563686897225,-0.7294384527988113,-0.29186298450348414,0.15974088670402273,0.0,0.36242919974993754,-0.47815102523788017,-0.2918629845034834,-1.0908070427296215,-0.2634537753010718,-0.2634537753010718,-0.33392982564279494,ER,0
0.0,-0.03138326894851217,-0.031383268948511636,-0.34296922868012536,-0.34912676508979706,-0.031383268948512434,-0.5265665697282501,-0.6619681956080323,-1.1674084646958165,-1.3815295152187834,-0.6601614139341968,-0.30302323720164714,0.18383735515278835,-8.673617379884035e-19,0.6917820240598566,1.4546720280800896,-0.30302323720164626,-1.1674084646958165,-0.6874023792338312,-0.6874023792338312,-0.2406353243688419,ER,1
0.0,0.18877137363947652,0.18877137363947716,-0.34296922868012536,-0.34912676508979706,0.18877137363947635,-0.45471306824039326,-0.5132112977185869,-0.8148069774932423,-0.9881957875992247,-0.5798402094534846,-0.46709853125534684,0.3956950308252814,-8.673617379884035e-19,0.8601527807033972,0.9253095927621175,-0.467098531255346,-0.8148069774932423,-0.6874023792338312,-0.6874023792338312,-0.024803400194190514,ER,2
0.0,0.025227924859827774,0.025227924859828076,-0.34296922868012536,-0.34912676508979706,0.025227924859827573,-0.508182802369835,-0.5132112977185869,-1.021648926517355,-1.1824506930059397,-0.5276314265410217,-0.34511892720349074,0.2387250206734608,-1.734723475976807e-18,0.7740315415035804,-0.0169486681205944,-0.3451189272034904,-1.021648926517355,-1.1113509831665906,-1.1113509831665906,-0.1992168236316091,ER,3
0.0,-0.018803003657769962,-0.018803003657769584,-0.34296922868012536,-0.34912676508979706,-0.01880300365777035,-0.5892178711691336,-0.6619681956080323,-1.0099407414025923,-1.2398121494224381,-0.6641774741582325,-0.31340031427186915,0.19372067220553654,-8.673617379884035e-19,0.584129313319281,1.1678294392603827,-0.3134003142718687,-1.0099407414025923,-0.6874023792338312,-0.6874023792338312,-0.26195604506397885,ER,4
0.0,0.15417564408993542,0.15417564408993578,-0.34296922868012536,-0.34912676508979706,0.1541756440899349,-0.5500672554984349,-0.5132112977185869,-1.0481983826626269,-1.242503556420029,-0.5687960438373867,-0.4526097821384332,0.3725453511427218,0.0,0.6123237891870867,1.1561423116831828,-0.4526097821384318,-1.0481983826626269,-0.2634537753010718,-0.2634537753010718,-0.08783522302648832,ER,5
0.0,-0.050253666884625486,-0.050253666884625195,-0.34296922868012536,-0.34912676508979706,-0.05025366688462577,-0.5906621626563269,-0.5875897466633095,-1.1270903036961015,-1.315826561546054,-0.5788361943974757,-0.30243585548069096,0.17780023601020817,-8.673617379884035e-19,0.5463268973914216,0.9614364628614097,-0.30243585548069,-1.1270903036961015,-0.2634537753010718,-0.2634537753010718,-0.29370315955093984,ER,6
0.0,0.07869405234548217,0.07869405234548252,-0.34296922868012536,-0.34912676508979706,0.07869405234548196,-0.5642728939117557,-0.4388328487738641,-0.946747162184847,-1.0920554275136083,-0.4693985532925053,-0.40092019069430807,0.3018753522628999,-8.673617379884035e-19,0.633061648718829,0.14706924685959094,-0.40092019069430745,-0.946747162184847,-0.2634537753010718,-0.2634537753010718,-0.16887152288567048,ER,7
0.0,-0.034528335271197724,-0.03452833527119739,-0.34296922868012536,-0.34912676508979706,-0.034528335271198064,-0.46433823936575863,-0.4388328487738641,-0.9831572656890901,-1.1959541786552335,-0.43325401127618474,-0.30126109203877915,0.1834741704303753,-8.673617379884035e-19,0.7760140317106231,0.9797020973591044,-0.3012610920387785,-0.9831572656890901,-1.1113509831665906,-1.1113509831665906,-0.21869332991345955,ER,8
0.0,0.08812925131353883,0.0881292513135393,-0.34296922868012536,-0.34912676508979706,0.08812925131353841,-0.4135817099586868,-0.5132112977185869,-0.8444785779869599,-1.072162842503458,-0.5477117276611997,-0.3991580455314401,0.3084061029087567,-8.673617379884035e-19,0.9027902674516657,1.004963048375685,-0.3991580455314397,-0.8444785779869599,-0.6874023792338312,-0.6874023792338312,-0.0878571780146784,ER,9
0.0,0.06925885337742552,0.06925885337742574,-0.34296922868012536,-0.34912676508979706,0.06925885337742507,-0.4830314977571436,-0.5875897466633095,-1.1784829512347716,-1.2075732586204957,-0.616988766525814,-0.37840389139099606,0.2806959804365306,-8.673617379884035e-19,0.895023639178302,1.225468359536132,-0.3784038913909948,-1.1784829512347716,-1.1113509831665906,-1.1113509831665906,-0.1327653645206274,ER,10
0.0,0.09441938395890993,0.09441938395891032,-0.34296922868012536,-0.34912676508979706,0.09441938395890967,-0.43521513316328625,-0.5132112977185869,-0.9637734741509721,-1.1424145160934216,-0.5497197577732175,-0.39720010646158727,0.30629260771361394,0.0,0.9443107442771109,0.9257507943372258,-0.3972001064615859,-0.9637734741509721,-1.1113509831665906,-1.1113509831665906,-0.09761150719906844,ER,11
0.0,0.07554898602279661,0.07554898602279725,-0.34296922868012536,-0.34912676508979706,0.07554898602279633,-0.36592009088131444,-0.5132112977185869,-0.9819231746818817,-1.1948072115014903,-0.5436956674371641,-0.38388612078658435,0.29342091362029776,-8.673617379884035e-19,1.012368886800502,0.4198248299446011,-0.38388612078658413,-0.9819231746818817,-1.5352995870993502,-1.5352995870993502,-0.08833356712818122,ER,12
0.0,2.7236948297240318,2.723694829724032,-1.6065400711858508,-1.3075139633755157,2.7236948297240318,0.08690655582478589,0.5280869875075316,0.1648742323701623,-0.03460815180692515,-0.3348605357873124,-1.4924712221374745,2.0779916884635954,-8.673617379884035e-19,1.6226747139361355,1.4879951251432932,-1.4924712221374739,0.1648742323701623,2.280237848295485,2.280237848295485,2.4816323064413455,ER,13
0.0,0.09756445028159548,0.09756445028159608,-0.34296922868012536,-0.34912676508979706,0.09756445028159529,-0.5439393330456299,-0.2900759508844186,-0.9540743193679114,-1.1485738511453256,-0.3248203852272233,-0.4181500545090161,0.32691280161733005,-1.734723475976807e-18,0.6307653531228482,0.4279387611402881,-0.4181500545090159,-0.9540743193679114,-0.6874023792338312,-0.6874023792338312,-0.14115835282830855,ER,14
0.0,2.877803079535624,2.877803079535625,-1.6065400711858508,-1.3075139633755157,2.8778030795356244,-0.021580367598947534,0.6024654364522544,0.13987192613489102,-0.0415618008925208,-0.3087561443310808,-1.5304552400926275,2.15522185773528,-2.6020852139652106e-18,1.4415536273600233,0.8381849253336938,-1.5304552400926263,0.13987192613489102,2.7041864522282446,2.7041864522282446,2.5990337833076103,ER,15
0.0,-0.003077672044342199,-0.0030776720443417794,-0.34296922868012536,-0.34912676508979706,-0.0030776720443426407,-0.6055177322388845,-0.7363466445527551,-1.1386712507784034,-1.3613007249713867,-0.7444986786389447,-0.33513343794723954,0.2180909039768407,-8.673617379884035e-19,0.46893630091173777,1.1546918214613426,-0.3351334379472391,-1.1386712507784034,-0.2634537753010718,-0.2634537753010718,-0.2542609277008818,ER,16
0.0,2.5098303197814142,2.5098303197814147,-1.6065400711858508,-1.3075139633755157,2.5098303197814142,0.06272498978206699,0.5280869875075316,0.003918002067816481,-0.18227900140693754,-0.2665875119787069,-1.452725059019455,1.9984183710081096,-8.673617379884035e-19,1.6034464461324727,0.9379047086339377,-1.4527250590194538,0.003918002067816481,2.280237848295485,2.280237848295485,2.268693491689377,ER,17
0.0,0.050388455441312194,0.050388455441312666,-0.34296922868012536,-0.34912676508979706,0.05038845544131174,-0.5114427745837853,-0.5132112977185869,-0.9947124007164582,-1.1660255983627992,-0.5356635469890929,-0.3654814935299645,0.2600030187238908,-8.673617379884035e-19,0.7045386549457038,0.8808854110377142,-0.3654814935299642,-0.9947124007164582,-0.2634537753010718,-0.2634537753010718,-0.1658980613936551,ER,18
0.0,0.06925885337742552,0.06925885337742574,-0.34296922868012536,-0.34912676508979706,0.06925885337742507,-0.48148404259229405,-0.5132112977185869,-0.9420539002638716,-1.0951803960741384,-0.5416876373251464,-0.3850608842284967,0.2869237762198268,-8.673617379884035e-19,0.7362043152612607,0.6301487143006688,-0.38506088422849566,-0.9420539002638716,-0.2634537753010718,-0.2634537753010718,-0.14026629242299654,ER,19
0.0,2.56958657991244,2.56958657991244,-1.6065400711858508,-1.3075139633755157,2.56958657991244,-0.15589947590790612,0.2305731917286406,-0.004191026086695889,-0.19108602634479493,-0.5868683148455469,-1.475437152229752,2.043806318011158,-8.673617379884035e-19,1.2367920915983717,0.7749949181464663,-1.4754371522297511,-0.004191026086695889,0.5844434325644472,0.5844434325644472,2.2782652953886844,ER,20
0.0,2.6828089675291196,2.6828089675291205,-1.6065400711858508,-1.3075139633755157,2.68280896752912,-0.06927293577961682,0.45370853856280885,0.06732297181572464,-0.1426465524429296,-0.39710946925986434,-1.4989324210679902,2.0894868413492014,-8.673617379884035e-19,1.3905158985362116,1.282661344213627,-1.4989324210679897,0.06732297181572464,3.1281350561610037,3.1281350561610037,2.40854457701412,ER,21
0.0,2.7174046970786607,2.7174046970786607,-1.6065400711858508,-1.3075139633755157,2.717404697078661,-0.12002946518668849,0.6024654364522544,0.024096670261078614,-0.16612828231964885,-0.2575513764746267,-1.5091137042312273,2.1107464018285746,-1.734723475976807e-18,1.3687779141852638,1.1755306096348064,-1.5091137042312266,0.024096670261078614,2.280237848295485,2.280237848295485,2.4303882225665077,ER,22
0.0,2.6639385695930065,2.663938569593007,-1.6065400711858508,-1.3075139633755157,2.663938569593007,0.0005482412584041761,0.6024654364522544,0.06158034369312198,-0.1384738344248981,-0.24048312052247545,-1.5018693296727705,2.0963979741427483,-8.673617379884035e-19,1.536274393030242,0.9839365796657141,-1.5018693296727694,0.06158034369312198,3.5520836600937638,3.5520836600937638,2.4005822412320073,ER,23
0.0,2.770870824564315,2.770870824564316,-1.6065400711858508,-1.3075139633755157,2.770870824564316,-0.02915258153894558,0.45370853856280885,0.18582287716930362,-0.01813074781088158,-0.42522189082811357,-1.5183160178595372,2.1296359114099697,-1.734723475976807e-18,1.5485073032192176,1.1521388595630038,-1.5183160178595365,0.18582287716930362,2.7041864522282446,2.7041864522282446,2.4991980575140054,ER,24
0.0,2.7897412225004286,2.7897412225004294,-1.6065400711858508,-1.3075139633755157,2.7897412225004286,0.12429307260755612,0.7512223343416998,0.15971065542885246,-0.03059381983839297,-0.13004146436149602,-1.524777216790053,2.142937905449323,-1.734723475976807e-18,1.6287605440333772,0.20794195233371932,-1.5247772167900524,0.15971065542885246,2.7041864522282446,2.7041864522282446,2.535560422980534,ER,25
0.0,2.525555651394842,2.5255556513948423,-1.6065400711858508,-1.3075139633755157,2.525555651394842,-0.10924886087156883,0.6024654364522544,-0.005516837978111091,-0.20353781999260637,-0.19630645805808372,-1.4658432507874712,2.02278821582781,-2.6020852139652106e-18,1.3636640034858611,0.7185156773903921,-1.4658432507874704,-0.005516837978111091,2.7041864522282446,2.7041864522282446,2.2463008325173632,ER,26
0.0,2.73942016133746,2.7394201613374602,-1.6065400711858508,-1.3075139633755157,2.7394201613374594,0.04950972267425012,0.45370853856280885,0.0515387301047892,-0.13038110124727953,-0.4151817402680246,-1.5130295823709334,2.119555853595693,-2.6020852139652106e-18,1.6536750495057009,0.17994599334684383,-1.5130295823709328,0.0515387301047892,2.7041864522282446,2.7041864522282446,2.4728175719883714,ER,27
0.0,0.0566785880866833,0.05667858808668369,-0.34296922868012536,-0.34912676508979706,0.056678588086682996,-0.5875156704877991,-0.5875897466633095,-1.0777119606383827,-1.2511018429838066,-0.6129727063017785,-0.37507539497224496,0.27221808563890015,-8.673617379884035e-19,0.5730244337232258,1.258633390151995,-0.37507539497224435,-1.0777119606383827,-0.6874023792338312,-0.6874023792338312,-0.19066279463733887,ER,28
0.0,2.421768462746219,2.4217684627462193,-1.6065400711858508,-1.3075139633755157,2.4217684627462193,-0.032309390075238933,0.45370853856280885,-0.044507691308447846,-0.22183517979423958,-0.31377621961112534,-1.4495923565076894,1.9917895365413367,-1.734723475976807e-18,1.475627484214505,0.9208819453254288,-1.449592356507689,-0.044507691308447846,1.8562892443627255,1.8562892443627255,2.163516486473652,ER,29
0.0,0.08812925131353883,0.0881292513135393,-0.34296922868012536,-0.34912676508979706,0.08812925131353841,-0.33930386204589874,-0.4388328487738641,-0.9688355698763312,-1.0971488321398097,-0.472410598460532,-0.39485057957776254,0.3057854136297611,-8.673617379884035e-19,0.9680539703437336,-0.26198276541544585,-0.3948505795777619,-0.9688355698763312,-1.5352995870993502,-1.5352995870993502,-0.079226425919673,ER,30
0.0,0.04724338911862664,0.04724338911862691,-0.34296922868012536,-0.34912676508979706,0.04724338911862612,-0.5059338341969202,-0.6619681956080323,-1.0157058990036631,-1.179251170910731,-0.6852617903344195,-0.39837486990349963,0.3000909011290433,-8.673617379884035e-19,0.734789722419582,-0.13836846375301906,-0.39837486990349835,-1.0157058990036631,-0.2634537753010718,-0.2634537753010718,-0.1764380289749241,ER,31
0.0,-0.03138326894851217,-0.031383268948511636,-0.34296922868012536,-0.34912676508979706,-0.031383268948512434,-0.5559682178603954,-0.6619681956080323,-1.0058274444863087,-1.1773431883111463,-0.6601614139341968,-0.3108549934810596,0.19587651735174652,-8.673617379884035e-19,0.6996329070968544,1.0105047496809236,-0.3108549934810596,-1.0058274444863087,-1.1113509831665906,-1.1113509831665906,-0.26160811552613794,ER,32
0.0,0.3019937612561564,0.30199376125615707,-0.34296922868012536,-0.34912676508979706,0.30199376125615596,-0.3690768994176079,-0.5132112977185869,-0.8093058229949004,-0.9666233826339732,-0.6159847514698051,-0.5546184076777851,0.5152117456350452,-8.673617379884035e-19,0.9845751664469237,0.2801990807315497,-0.5546184076777848,-0.8093058229949004,-0.6874023792338312,-0.6874023792338312,0.1052503152759724,ER,33
0.0,-0.03767340159388328,-0.03767340159388266,-0.34296922868012536,-0.34912676508979706,-0.03767340159388369,-0.5166422239376802,-0.4388328487738641,-0.9231080480590934,-1.0667494071391397,-0.4322499962201759,-0.31046340566708935,0.19085871209286828,-8.673617379884035e-19,0.6833370934116233,-0.041664060070303155,-0.31046340566708847,-0.9231080480590934,-0.6874023792338312,-0.6874023792338312,-0.26195420970192573,ER,34
0.0,0.012647659569085564,0.012647659569086027,-0.34296922868012536,-0.34912676508979706,0.01264765956908507,-0.6215596841144935,-0.6619681956080323,-1.0936637334695578,-1.255904056399271,-0.6742176247183216,-0.3412030490637851,0.22765237563800278,-8.673617379884035e-19,0.4066827739245552,1.3560977915082555,-0.34120304906378374,-1.0936637334695578,-0.2634537753010718,-0.2634537753010718,-0.24482536124295087,ER,35
0.0,-0.1163000596610221,-0.11630005966102169,-0.34296922868012536,-0.34912676508979706,-0.11630005966102266,-0.5867935247442025,-0.6619681956080323,-1.0672183739626147,-1.3086366698128453,-0.6330530074219565,-0.2342995758497994,0.09611691237026464,-8.673617379884035e-19,0.519108390821507,1.8034712878677177,-0.2342995758497986,-1.0672183739626147,-0.6874023792338312,-0.6874023792338312,-0.3360912740060721,ER,36
0.0,-0.021948069980455513,-0.021948069980455343,-0.34296922868012536,-0.34912676508979706,-0.021948069980455977,-0.5686882993154605,-0.6619681956080323,-1.0651769325700928,-1.2579409303360356,-0.6631734591022236,-0.31535825334172196,0.1975397420014633,-8.673617379884035e-19,0.5576382828433556,1.3959536169186737,-0.3153582533417216,-1.0651769325700928,-0.2634537753010718,-0.2634537753010718,-0.25074487112007837,ER,37
0.0,0.028372991182513328,0.028372991182513834,-0.34296922868012536,-0.34912676508979706,0.02837299118251278,-0.43075846228851905,-0.1413190529949731,-0.9685225207959306,-1.1592434892179726,-0.15212979559369189,-0.3641109361810679,0.2631311003674519,-8.673617379884035e-19,0.8315516749865024,0.5720668454466112,-0.3641109361810666,-0.9685225207959306,-0.6874023792338312,-0.6874023792338312,-0.15343763612941885,ER,38
0.0,2.7425652276601453,2.7425652276601458,-1.6065400711858508,-1.3075139633755157,2.7425652276601453,-0.01389467361352684,0.3793300896180861,0.11182669147739306,-0.08077255629826546,-0.49148688452470113,-1.511463231115051,2.115892193301732,-1.734723475976807e-18,1.5087392669997906,0.8580281747078844,-1.5114632311150502,0.11182669147739306,3.5520836600937638,3.5520836600937638,2.470083427192682,ER,39
0.0,0.1353052461538221,0.13530524615382272,-0.34296922868012536,-0.34912676508979706,0.13530524615382156,-0.530259829388358,-0.4388328487738641,-1.0114738853216743,-1.1857179242906468,-0.4874708243006655,-0.44282008678916573,0.3593824488074077,0.0,0.5866313305322598,0.2810654457050303,-0.44282008678916557,-1.0114738853216743,0.16049482863168768,0.16049482863168768,-0.10242314909934616,ER,40
0.0,1.8179157287905927,1.8179157287905932,-0.34296922868012536,-1.3075139633755157,1.8179157287905925,-0.15335133306978668,0.30495164067336333,-0.212422527170017,-0.4126462308383659,-0.27160758725875145,-1.2933488187334028,1.6918174890136928,-8.673617379884035e-19,1.373201845372585,0.9474361930869307,-1.293348818733402,-0.212422527170017,1.4323406404299661,1.4323406404299661,1.5684265089004839,ER,41
0.0,0.009502593246400012,0.00950259324640027,-0.34296922868012536,-0.34912676508979706,0.009502593246399444,-0.48708583028905006,-0.5132112977185869,-0.9496863582518693,-1.158349424873512,-0.5226113512609771,-0.33258811715643055,0.2221330645456102,-8.673617379884035e-19,0.7695747333316628,1.685582828030575,-0.33258811715643,-0.9496863582518693,-0.2634537753010718,-0.2634537753010718,-0.17915893704839003,ER,42
0.0,1.591470953557233,1.5914709535572333,-0.34296922868012536,-1.3075139633755157,1.5914709535572333,-0.2481174873651856,0.15619474278391787,-0.3629251363473289,-0.5645308546269022,-0.3499207616274459,-1.233240089288909,1.5797032689327837,-8.673617379884035e-19,1.23830180134444,0.8348394228441621,-1.2332400892889086,-0.3629251363473289,1.4323406404299661,1.4323406404299661,1.333673533925178,ER,43
0.0,0.08812925131353883,0.0881292513135393,-0.34296922868012536,-0.34912676508979706,0.08812925131353841,-0.3795376963319922,-0.36445439982914135,-0.9251723476684203,-1.0910779689194,-0.39710946925986434,-0.39485057957776254,0.304338494852421,-8.673617379884035e-19,1.0214441148739801,0.2460339072349486,-0.3948505795777619,-0.9251723476684203,-0.6874023792338312,-0.6874023792338312,-0.08972628161446988,ER,44
0.0,0.006357526923714459,0.006357526923715002,-0.34296922868012536,-0.34912676508979706,0.006357526923714237,-0.5143416739259371,-0.5132112977185869,-1.11121486270083,-1.2961370634449223,-0.5216073362049682,-0.34081146124981376,0.23098107946257615,-8.673617379884035e-19,0.7881978743777616,0.44895516648720424,-0.34081146124981354,-1.11121486270083,-0.6874023792338312,-0.6874023792338312,-0.2170271089403969,ER,45
0.0,2.8463524163087683,2.8463524163087692,-1.6065400711858508,-1.3075139633755157,2.8463524163087692,-0.13397719440586783,0.45370853856280885,0.11037265361518098,-0.08601227020990017,-0.44931825217232724,-1.521252926464317,2.1357512643834764,-1.734723475976807e-18,1.3447006843292886,0.8964264010637074,-1.5212529264643164,0.11037265361518098,2.7041864522282446,2.7041864522282446,2.547287776674547,ER,46
0.0,0.1353052461538221,0.13530524615382272,-0.34296922868012536,-0.34912676508979706,0.13530524615382156,-0.4830624468604407,-0.2900759508844186,-1.06547555867273,-1.252856159071973,-0.3368685658993302,-0.44242849897519604,0.35825652196252356,-8.673617379884035e-19,0.6949476085196072,-0.6402973056415885,-0.4424284989751954,-1.06547555867273,0.16049482863168768,0.16049482863168768,-0.0970082442460961,ER,47
0.0,1.8336410604040205,1.833641060404021,-1.6065400711858508,-1.3075139633755157,1.83364106040402,-0.2701326161771147,0.30495164067336333,-0.30234247227867705,-0.4854760246923036,-0.276627662538796,-1.3011805750128158,1.7055973886520468,-8.673617379884035e-19,1.106508583153876,0.680284261151381,-1.301180575012815,-0.30234247227867705,1.4323406404299661,1.4323406404299661,1.5513794112766175,ER,48
0.0,2.6513583043022644,2.651358304302265,-1.6065400711858508,-1.3075139633755157,2.6513583043022644,0.1467518052334084,0.5280869875075316,0.14017131480292852,-0.07813106257970817,-0.31176818949910756,-1.489925901346666,2.0733768269644353,-8.673617379884035e-19,1.6081306414553036,1.4385485773269813,-1.4899259013466648,0.14017131480292852,1.8562892443627255,1.8562892443627255,2.42327005422298,ER,49
0.0,-0.4370968245749485,-0.4370968245749481,0.9206016138256001,-0.34912676508979706,-0.43709682457494897,-0.9235816668221026,-0.9594819913869232,0.7406340727828534,0.6722731300434289,-0.8318479885117194,0.4253300967837487,-0.6302155563465847,-8.673617379884035e-19,-1.0190239890467752,0.01703918410090968,0.425330096783749,0.7406340727828534,0.16049482863168768,0.16049482863168768,-0.816120674057769,WS,0
0.0,-0.4370968245749485,-0.4370968245749481,0.9206016138256001,0.6092604331959215,-0.43709682457494897,-0.8995961117669315,-0.9594819913869232,0.9915724923441371,1.0101715937107527,-0.8318479885117194,0.4936621703216257,-0.6908442358792288,-8.673617379884035e-19,-0.7927765914457198,0.19517502220676367,0.49366217032162646,0.9915724923441371,0.16049482863168768,0.16049482863168768,-0.8008888599872386,WS,1
0.0,-0.4370968245749485,-0.4370968245749481,0.9206016138256001,0.6092604331959215,-0.43709682457494897,-0.9104282979208798,-0.9594819913869232,0.9525975046410761,0.9217946710009195,-0.8318479885117194,0.4740827796230941,-0.674502288254396,-1.734723475976807e-18,-0.8886604171832494,-0.9318429424025008,0.47408277962309403,0.9525975046410761,0.16049482863168768,0.16049482863168768,-0.812588664281417,WS,2
0.0,-0.4370968245749485,-0.4370968245749481,0.9206016138256001,0.6092604331959215,-0.43709682457494897,-0.9189393013275534,-0.9594819913869232,0.9792598505638612,0.9161227553731868,-0.8318479885117194,0.4944453459495667,-0.6937817769933784,-8.673617379884035e-19,-0.9859973997117679,0.5834166648194409,0.4944453459495678,0.9792598505638612,0.16049482863168768,0.16049482863168768,-0.8115069225267548,WS,3
0.0,-0.4370968245749485,-0.4370968245749481,-0.34296922868012536,0.6092604331959215,-0.43709682457494897,-0.9150706634154291,-0.9594819913869232,0.8597517718194307,0.7942128782892763,-0.8318479885117194,0.45646132799441524,-0.6587215647828232,-1.734723475976807e-18,-0.9257705714251461,-0.5208207932395783,0.4564613279944154,0.8597517718194307,-0.2634537753010718,-0.2634537753010718,-0.8108590391603465,WS,4
0.0,-0.4370968245749485,-0.4370968245749481,0.9206016138256001,0.6092604331959215,-0.43709682457494897,-0.9320926702287763,-0.9594819913869232,1.107416213175317,1.0133384518960735,-0.8318479885117194,0.4928789946936847,-0.6935903959953597,-2.6020852139652106e-18,-1.1038494698162433,1.6148349699381799,0.4928789946936851,1.107416213175317,-0.2634537753010718,-0.2634537753010718,-0.8076833817419867,WS,5
0.0,-0.4370968245749485,-0.4370968245749481,0.9206016138256001,0.6092604331959215,-0.43709682457494897,-0.9313189426463515,-0.9594819913869232,1.126172189541564,0.9793950265553832,-0.8318479885117194,0.5365410359514114,-0.7367551094983301,-1.734723475976807e-18,-1.0989684005671017,0.15006817293386224,0.536541035951412,1.126172189541564,0.16049482863168768,0.16049482863168768,-0.817887464175853,WS,6
0.0,-0.4370968245749485,-0.4370968245749481,0.9206016138256001,0.6092604331959215,-0.43709682457494897,-0.928224032316652,-1.033860440331646,0.9387004024572552,0.8975197167470761,-0.907149117712387,0.5210733172995703,-0.7170783536342553,-8.673617379884035e-19,-1.1990323981714837,0.8760632137288318,0.5210733172995713,0.9387004024572552,0.5844434325644472,0.5844434325644472,-0.8106361009655795,WS,7
0.0,-0.4370968245749485,-0.4370968245749481,0.9206016138256001,0.6092604331959215,-0.43709682457494897,-0.9235816668221026,-1.033860440331646,1.1482654319582266,1.063789814367039,-0.907149117712387,0.5418274714400149,-0.7385483200309667,-1.734723475976807e-18,-0.97364351275531,1.384595536213729,0.5418274714400153,1.1482654319582266,-0.2634537753010718,-0.2634537753010718,-0.8081034462442506,WS,8
0.0,-0.4370968245749485,-0.4370968245749481,0.9206016138256001,0.6092604331959215,-0.43709682457494897,-0.9189393013275534,-0.9594819913869232,0.9211067713995494,0.9237223909859008,-0.8318479885117194,0.4719290466462553,-0.6745300744742682,-8.673617379884035e-19,-1.0001145840878856,-0.8381920961642549,0.4719290466462561,0.9211067713995494,0.16049482863168768,0.16049482863168768,-0.8162148258272404,WS,9
0.0,-0.4370968245749485,-0.4370968245749481,0.9206016138256001,-0.34912676508979706,-0.43709682457494897,-0.9274503047342272,-0.9594819913869232,0.588241108307819,0.5614593595789247,-0.8318479885117194,0.4249385089697785,-0.627425531624793,-8.673617379884035e-19,-1.0721604842097041,0.8670013857877754,0.4249385089697788,0.588241108307819,0.16049482863168768,0.16049482863168768,-0.8133374458843196,WS,10
0.0,-0.4370968245749485,-0.4370968245749481,0.9206016138256001,0.6092604331959215,-0.43709682457494897,-0.928997759899077,-0.9594819913869232,1.3379261308687893,1.2689995466716155,-0.8318479885117194,0.5498550216264121,-0.7471036165319591,-2.6020852139652106e-18,-1.1203949961063182,0.47891047736454906,0.5498550216264138,1.3379261308687893,-0.2634537753010718,-0.2634537753010718,-0.810882015065931,WS,11
0.0,-0.4370968245749485,-0.4370968245749481,0.9206016138256001,0.6092604331959215,-0.43709682457494897,-0.9197130289099783,-0.8107250934974778,1.0671773300605176,1.1124710529832402,-0.6812457301103839,0.4746701613440491,-0.6744556996993115,-8.673617379884035e-19,-1.0676885590364957,0.14052369602291145,0.47467016134405027,1.0671773300605176,0.16049482863168768,0.16049482863168768,-0.8117917168337684,WS,12
0.0,-0.4370968245749485,-0.4370968245749481,0.9206016138256001,0.6092604331959215,-0.43709682457494897,-0.9034647496790559,-0.8851035424422006,0.8212457403032726,0.792616831205798,-0.7565468593110515,0.4537202132966203,-0.6524463873463969,-8.673617379884035e-19,-0.8933485773444698,0.4949083303884224,0.45372021329662127,0.8212457403032726,-0.2634537753010718,-0.2634537753010718,-0.7975960914075778,WS,13
0.0,-0.4370968245749485,-0.4370968245749481,0.9206016138256001,0.6092604331959215,-0.43709682457494897,-0.9483409494596988,-1.033860440331646,1.2199553243804062,1.15333892267287,-0.907149117712387,0.5802030772091377,-0.7732096021558337,-1.734723475976807e-18,-1.3432033465672089,0.0021491867254773774,0.5802030772091388,1.2199553243804062,0.5844434325644472,0.5844434325644472,-0.8268880272543975,WS,14
0.0,-0.4370968245749485,-0.4370968245749481,0.9206016138256001,0.6092604331959215,-0.43709682457494897,-0.9344138529760508,-1.033860440331646,0.9926760204331478,0.8949219556986521,-0.907149117712387,0.5042350412988331,-0.7040914058100939,-1.734723475976807e-18,-1.1175207832745386,0.08288532491880433,0.504235041298834,0.9926760204331478,-0.2634537753010718,-0.2634537753010718,-0.8204302696162309,WS,15
0.0,-0.4370968245749485,-0.4370968245749481,0.9206016138256001,0.6092604331959215,-0.43709682457494897,-0.9328663978112013,-1.033860440331646,0.8550769861935228,0.7909646469386798,-0.907149117712387,0.5038434534848628,-0.7015439246515617,-1.734723475976807e-18,-1.084080080604169,0.347384703827101,0.5038434534848629,0.8550769861935228,0.16049482863168768,0.16049482863168768,-0.8169843968528824,WS,16
0.0,-0.4370968245749485,-0.4370968245749481,0.9206016138256001,0.6092604331959215,-0.43709682457494897,-0.94060367363545,-0.9594819913869232,1.4858118852195001,1.4490278894635804,-0.8318479885117194,0.5825526040929624,-0.7749242093803878,-8.673617379884035e-19,-1.2109544156005494,0.5376302491671026,0.5825526040929628,1.4858118852195001,0.16049482863168768,0.16049482863168768,-0.8236136378411205,WS,17
0.0,-0.4370968245749485,-0.4370968245749481,0.9206016138256001,0.6092604331959215,-0.43709682457494897,-0.9413774012178748,-0.9594819913869232,1.1451077872404534,1.0972630264172418,-0.8318479885117194,0.5259681649742035,-0.7242533612609032,-8.673617379884035e-19,-1.2141287292608245,0.008260488277634833,0.5259681649742044,1.1451077872404534,0.16049482863168768,0.16049482863168768,-0.823846659441574,WS,18
0.0,-0.4370968245749485,-0.4370968245749481,0.9206016138256001,0.6092604331959215,-0.43709682457494897,-0.9328663978112013,-0.9594819913869232,1.2832971396536723,1.2360372344945358,-0.8318479885117194,0.5198985538576596,-0.716805973855088,-1.734723475976807e-18,-1.110983448206315,0.6656248469294174,0.5198985538576598,1.2832971396536723,-0.2634537753010718,-0.2634537753010718,-0.814973101201049,WS,19
0.0,-0.4370968245749485,-0.4370968245749481,0.9206016138256001,-0.34912676508979706,-0.43709682457494897,-0.9297714874815017,-1.033860440331646,1.1247649525831005,1.0675257696892557,-0.907149117712387,0.4723206344602255,-0.6733538005373332,-8.673617379884035e-19,-1.1821359009214076,0.726561505795776,0.47232063446022626,1.1247649525831005,0.16049482863168768,0.16049482863168768,-0.8109746467228324,WS,20
0.0,-0.4370968245749485,-0.4370968245749481,0.9206016138256001,0.6092604331959215,-0.43709682457494897,-0.9081071151736052,-0.9594819913869232,1.259778027249083,1.2470802940505012,-0.8318479885117194,0.5565120144639144,-0.7482540797078837,-1.734723475976807e-18,-0.9509195112512951,1.4950587250949867,0.5565120144639146,1.259778027249083,0.16049482863168768,0.16049482863168768,-0.79340714049302,WS,21
0.0,-0.4370968245749485,-0.4370968245749481,0.9206016138256001,0.6092604331959215,-0.43709682457494897,-0.8926325635251077,-1.033860440331646,1.0432881121147866,1.0391311701883195,-0.907149117712387,0.4799565968326537,-0.6801407838582152,-8.673617379884035e-19,-0.7053039976927852,0.4012404681566361,0.47995659683265357,1.0432881121147866,-0.2634537753010718,-0.2634537753010718,-0.7932673219365302,WS,22
0.0,-0.4370968245749485,-0.4370968245749481,0.9206016138256001,0.6092604331959215,-0.43709682457494897,-0.9328663978112013,-1.033860440331646,1.341690796943693,1.300534223316136,-0.907149117712387,0.562385831673474,-0.7602891514279578,-2.6020852139652106e-18,-1.080681278953112,-0.3137216876528554,0.5623858316734741,1.341690796943693,-0.2634537753010718,-0.2634537753010718,-0.8187384195754492,WS,23
0.0,-0.4370968245749485,-0.4370968245749481,0.9206016138256001,0.6092604331959215,-0.43709682457494897,-0.9259028495693774,-0.8851035424422006,1.1698134417704678,1.1300904033455739,-0.7565468593110515,0.49366217032162624,-0.6932736334589124,-2.6020852139652106e-18,-1.0850043392211972,0.2815536022556716,0.49366217032162646,1.1698134417704678,-0.2634537753010718,-0.2634537753010718,-0.8102338757763028,WS,24
0.0,-0.4370968245749485,-0.4370968245749481,0.9206016138256001,0.6092604331959215,-0.43709682457494897,-0.9189393013275534,-1.033860440331646,1.018028570006736,0.9789407788859324,-0.907149117712387,0.48230612371647674,-0.6818607017512878,-8.673617379884035e-19,-0.9855559095368668,0.916579515024152,0.4823061237164776,1.018028570006736,0.16049482863168768,0.16049482863168768,-0.8069523073952811,WS,25
0.0,-0.4370968245749485,-0.4370968245749481,0.9206016138256001,0.6092604331959215,-0.43709682457494897,-0.9119757530857295,-1.033860440331646,0.7314561821011655,0.6968895425794107,-0.907149117712387,0.39752736199183275,-0.6026019902529068,-8.673617379884035e-19,-0.9755869631077531,0.3764743487115204,0.39752736199183397,0.7314561821011655,0.16049482863168768,0.16049482863168768,-0.8072919609402212,WS,26
0.0,-0.4370968245749485,-0.4370968245749481,0.9206016138256001,0.6092604331959215,-0.43709682457494897,-0.9096545703384549,-1.033860440331646,0.6909656176969747,0.6657900578631051,-0.907149117712387,0.4386440824587511,-0.6381718305950468,-8.673617379884035e-19,-0.9107432444153531,-0.7219506825836141,0.43864408245875075,0.6909656176969747,0.16049482863168768,0.16049482863168768,-0.8113158983253222,WS,27
0.0,-0.4370968245749485,-0.4370968245749481,-0.34296922868012536,0.6092604331959215,-0.43709682457494897,-0.9212604840748281,-0.9594819913869232,1.2237354308893822,1.1284160732170208,-0.8318479885117194,0.5263597527881748,-0.7237140979920058,-2.6020852139652106e-18,-0.9696934735243979,0.17290042523843274,0.5263597527881756,1.2237354308893822,-0.2634537753010718,-0.2634537753010718,-0.8150786941276367,WS,28
0.0,-0.4370968245749485,-0.4370968245749481,0.9206016138256001,-0.34912676508979706,-0.43709682457494897,-0.9173918461627038,-0.9594819913869232,0.7066681234996685,0.6418251456693634,-0.8318479885117194,0.42200160036499756,-0.6248531709264888,-8.673617379884035e-19,-0.9616238292936965,0.6765548974888158,0.42200160036499856,0.7066681234996685,-0.2634537753010718,-0.2634537753010718,-0.8071636429825767,WS,29
0.0,-0.4370968245749485,-0.4370968245749481,0.9206016138256001,0.6092604331959215,-0.43709682457494897,-0.9135232082505792,-0.9594819913869232,1.197156709498391,1.2044783519084452,-0.8318479885117194,0.5247934015322923,-0.7224516201357578,-1.734723475976807e-18,-0.9581522202861587,-0.5133650988979372,0.5247934015322929,1.197156709498391,0.16049482863168768,0.16049482863168768,-0.8134581142060586,WS,30
0.0,-0.4370968245749485,-0.4370968245749481,0.9206016138256001,0.6092604331959215,-0.43709682457494897,-0.8995961117669315,-0.9594819913869232,0.7988317831430456,0.7181727454592872,-0.8318479885117194,0.43649034948191173,-0.6392155465646769,-8.673617379884035e-19,-0.8600992756870572,0.057222772879236154,0.4364903494819128,0.7988317831430456,0.16049482863168768,0.16049482863168768,-0.797383788170835,WS,31
0.0,-0.4370968245749485,-0.4370968245749481,0.9206016138256001,0.6092604331959215,-0.43709682457494897,-0.9382824908881753,-0.9594819913869232,1.6784064942690862,1.6488309414576205,-0.8318479885117194,0.617599713443334,-0.8106346046694558,-2.6020852139652106e-18,-1.1767598996288344,-0.6030372950375732,0.617599713443335,1.6784064942690862,-0.2634537753010718,-0.2634537753010718,-0.8251416042206094,WS,32
0.0,-0.4370968245749485,-0.4370968245749481,0.9206016138256001,0.6092604331959215,-0.43709682457494897,-0.9297714874815017,-1.033860440331646,0.9983615680712202,0.9789006073233283,-0.907149117712387,0.4817187419955211,-0.6821692933968495,-8.673617379884035e-19,-1.06147514005021,0.9551366732497714,0.48171874199552234,0.9983615680712202,0.16049482863168768,0.16049482863168768,-0.8153293070391765,WS,33
0.0,-0.4370968245749485,-0.4370968245749481,0.9206016138256001,0.6092604331959215,-0.43709682457494897,-0.9243553944045275,-0.9594819913869232,1.2363425883137487,1.1614376126979415,-0.8318479885117194,0.528513485765013,-0.7254047867754015,-8.673617379884035e-19,-1.0293868082291748,1.0859708041953864,0.5285134857650136,1.2363425883137487,0.16049482863168768,0.16049482863168768,-0.8077102145436981,WS,34
0.0,-0.4370968245749485,-0.4370968245749481,0.9206016138256001,0.6092604331959215,-0.43709682457494897,-0.9444723115475744,-0.9594819913869232,1.470228218992724,1.35073477103084,-0.8318479885117194,0.585685306604727,-0.7795888505554723,-2.6020852139652106e-18,-1.2772561025988458,2.570878240560924,0.5856853066047272,1.470228218992724,0.16049482863168768,0.16049482863168768,-0.8009218384781503,WS,35
0.0,-1.3806167213806142,-1.3806167213806138,3.447743298837051,5.401196424624514,-1.3806167213806149,-1.0040493353942899,-1.4057526850552597,1.6826655086724727,2.149232131200653,-0.9824502469130547,4.513702668544244,-2.9706472834095066,-8.673617379884035e-19,-2.356031999846082,-0.20770178649692736,4.513702668544247,1.6826655086724727,-1.1113509831665906,-1.1113509831665906,-1.7587913399622888,WS,36
0.0,-1.3806167213806142,-1.3806167213806138,3.447743298837051,3.484422028053077,-1.3806167213806149,-1.0001806974821656,-1.4057526850552597,1.1367678274290258,1.3352759297085823,-0.9824502469130547,4.203369325972512,-2.870665407856984,-8.673617379884035e-19,-2.179296586525284,-1.3378551898786624,4.203369325972512,1.1367678274290258,-1.1113509831665906,-1.1113509831665906,-1.7562501914049844,WS,37
0.0,-0.4370968245749485,-0.4370968245749481,0.9206016138256001,0.6092604331959215,-0.43709682457494897,-0.9421511288002998,-1.033860440331646,0.7359323030257962,0.6372883341952235,-0.907149117712387,0.4552865645525023,-0.659733413780735,-1.734723475976807e-18,-1.2851657128123402,0.03436962592210376,0.45528656455250394,0.7359323030257962,0.16049482863168768,0.16049482863168768,-0.8258972859174528,WS,38
0.0,-0.4370968245749485,-0.4370968245749481,0.9206016138256001,0.6092604331959215,-0.43709682457494897,-0.9112020255033046,-1.033860440331646,1.001607861537526,1.0329380542867947,-0.907149117712387,0.5116752097642758,-0.7076666332176236,-8.673617379884035e-19,-0.8836934054486544,-0.6808935448361526,0.5116752097642763,1.001607861537526,0.16049482863168768,0.16049482863168768,-0.8070752878765715,WS,39
0.0,-0.9088567729777813,-0.9088567729777811,2.1841724563313254,3.484422028053077,-0.908856772977782,-1.0133340663833885,-1.331374236110537,3.832060374652622,3.7784701957507445,-1.0577513761137225,3.036046052526026,-2.388699255881667,-3.469446951953614e-18,-2.571812967621766,-0.4630527319147215,3.0360460525260256,3.832060374652622,-0.2634537753010718,-0.2634537753010718,-1.3201138460734605,WS,40
0.0,-0.9088567729777813,-0.9088567729777811,3.447743298837051,3.484422028053077,-0.908856772977782,-1.015655249130663,-1.2569957871658142,4.393378794151703,4.34091893903657,-0.9824502469130547,3.5122168343143265,-2.6017126369295696,-2.6020852139652106e-18,-2.7279478745396664,-0.24482871096883055,3.512216834314328,4.393378794151703,-0.2634537753010718,-0.2634537753010718,-1.3172421133553498,WS,41
0.0,-0.4370968245749485,-0.4370968245749481,0.9206016138256001,0.6092604331959215,-0.43709682457494897,-0.9320926702287763,-1.033860440331646,1.2630968521881107,1.2106905235512058,-0.907149117712387,0.5347788907885429,-0.7333687172805999,-2.6020852139652106e-18,-1.1668029099752517,0.01966982323682228,0.5347788907885442,1.2630968521881107,0.16049482863168768,0.16049482863168768,-0.8163882721994552,WS,42
0.0,-0.4370968245749485,-0.4370968245749481,0.9206016138256001,0.6092604331959215,-0.43709682457494897,-0.9359613081409006,-0.9594819913869232,1.2667789123902047,1.1773280408081814,-0.8318479885117194,0.5312546004628075,-0.7300299822130427,-8.673617379884035e-19,-1.20525615870352,-0.2565196131910492,0.5312546004628077,1.2667789123902047,0.16049482863168768,0.16049482863168768,-0.8222813754842201,WS,43
0.0,-0.4370968245749485,-0.4370968245749481,0.9206016138256001,0.6092604331959215,-0.43709682457494897,-0.9305452150639265,-1.1082388892763688,1.057389416193513,1.0003656122749913,-0.9824502469130547,0.4946411398565521,-0.6949898754804494,-2.6020852139652106e-18,-1.0930014503184413,0.14783720500752992,0.4946411398565529,1.057389416193513,0.16049482863168768,0.16049482863168768,-0.8180408084807712,WS,44
0.0,-1.3806167213806142,-1.3806167213806138,3.447743298837051,3.484422028053077,-1.3806167213806149,-1.0001806974821656,-1.4057526850552597,1.3124737768542531,1.3560446275750997,-0.9824502469130547,4.228822533880603,-2.8848578577340587,-1.734723475976807e-18,-2.2297083565342057,0.10805115883909348,4.228822533880603,1.3124737768542531,-1.1113509831665906,-1.1113509831665906,-1.742272172294594,WS,45
0.0,-0.4370968245749485,-0.4370968245749481,0.9206016138256001,0.6092604331959215,-0.43709682457494897,-0.9421511288002998,-1.033860440331646,1.1848551320942613,1.1166555907545406,-0.907149117712387,0.5073677438105982,-0.7081599440589967,-8.673617379884035e-19,-1.2456809385854615,0.4035598092989596,0.5073677438105993,1.1848551320942613,0.16049482863168768,0.16049482863168768,-0.8216212033491226,WS,46
0.0,-1.3806167213806142,-1.3806167213806138,3.447743298837051,4.442809226338795,-1.3806167213806149,-1.0040493353942899,-1.4057526850552597,1.0644883727384602,0.9954646816372446,-0.9824502469130547,4.313992883419218,-2.9120229791347745,-8.673617379884035e-19,-2.3269688843725236,0.40358424139230986,4.3139928834192185,1.0644883727384602,-1.1113509831665906,-1.1113509831665906,-1.7451591206770574,WS,47
0.0,-0.4370968245749485,-0.4370968245749481,0.9206016138256001,0.6092604331959215,-0.43709682457494897,-0.8934062911075326,-1.033860440331646,1.0151068247375006,0.9963618465354112,-0.907149117712387,0.4717332527392699,-0.6701299187867016,-1.734723475976807e-18,-0.839215702910569,-0.16928572587692584,0.47173325273927,1.0151068247375006,-0.2634537753010718,-0.2634537753010718,-0.798115263902385,WS,48
0.0,-0.4370968245749485,-0.4370968245749481,0.9206016138256001,0.6092604331959215,-0.43709682457494897,-0.9259028495693774,-1.033860440331646,1.3640571748506505,1.2280580291172116,-0.907149117712387,0.5185279965087612,-0.7175254673473886,-1.734723475976807e-18,-1.1108629396850007,1.7654236283333498,0.5185279965087622,1.3640571748506505,0.16049482863168768,0.16049482863168768,-0.8050548789192593,WS,49
0.0,-0.4874178857379173,-0.4874178857379168,-0.34296922868012536,-0.34912676508979706,-0.4874178857379177,1.5466106964597919,2.461926660070323,-0.5668884854465007,-0.24117935652496217,2.6480681956151386,-0.19024594677810241,0.08806793199772785,0.0,0.11362427922332886,-1.062692737629578,-0.19024594677810158,-0.5668884854465007,-0.2634537753010718,-0.2634537753010718,0.24121007536431532,BA,0
0.0,-0.4874178857379173,-0.4874178857379168,-0.34296922868012536,-0.34912676508979706,-0.4874178857379177,1.153557084587955,1.271871476954759,-0.5578749079575406,-0.3956727775237506,1.443250128404455,-0.1275918965427991,0.006856974342380869,0.0,0.2095383207965035,-1.0274929116209888,-0.12759189654279854,-0.5578749079575406,-0.2634537753010718,-0.2634537753010718,0.09872789624875845,BA,1
0.0,-0.4874178857379173,-0.4874178857379168,-0.34296922868012536,-0.34912676508979706,-0.4874178857379177,1.6317207305265284,1.7925206195678183,-0.5472917458512518,-0.21330334028375011,1.9703580328091288,-0.18633006863839563,0.08199994473575162,0.0,-0.00873465336600504,-1.3537036139068213,-0.18633006863839488,-0.5472917458512518,-0.2634537753010718,-0.2634537753010718,0.26617649731731335,BA,2
0.0,-0.4874178857379173,-0.4874178857379168,-0.34296922868012536,-0.34912676508979706,-0.4874178857379177,0.9276286305198909,1.0487361301205909,-0.48306098090538624,-0.346932404248895,1.2173467408024516,-0.06650419756337836,-0.06654506085105363,-8.673617379884035e-19,0.2316522649616901,-0.19195131768559204,-0.06650419756337819,-0.48306098090538624,-0.2634537753010718,-0.2634537753010718,0.09381345804940665,BA,3
0.0,-0.4874178857379173,-0.4874178857379168,-0.34296922868012536,-0.34912676508979706,-0.4874178857379177,0.9856581992017566,1.0487361301205909,-0.6665763550476376,-0.5974995084927627,1.2173467408024516,-0.08412564919205771,-0.04203583329284671,-8.673617379884035e-19,0.25117076222430373,-0.4114281481753248,-0.08412564919205681,-0.6665763550476376,-0.2634537753010718,-0.2634537753010718,0.08858917924284619,BA,4
0.0,-0.4874178857379173,-0.4874178857379168,-0.34296922868012536,-0.34912676508979706,-0.4874178857379177,0.9926217474435808,0.676843885396977,-0.527223128565679,-0.3888211061677687,0.8408410947991131,-0.07707706854058631,-0.05198706958355118,-8.673617379884035e-19,0.24520747776967303,-0.4435090469511397,-0.07707706854058576,-0.527223128565679,-1.1113509831665906,-1.1113509831665906,0.10197216639839814,BA,5
0.0,-0.4874178857379173,-0.4874178857379168,-0.34296922868012536,-0.34912676508979706,-0.4874178857379177,1.0119649370042023,1.1974930280100362,-0.6028218085445486,-0.5512285600807699,1.3679489992037874,-0.09783122268102974,-0.029299533770074174,-8.673617379884035e-19,0.22487493543833534,-0.3545763823783158,-0.09783122268102971,-0.6028218085445486,-0.2634537753010718,-0.2634537753010718,0.09801008767028163,BA,6
0.0,-0.4874178857379173,-0.4874178857379168,-0.34296922868012536,-0.34912676508979706,-0.4874178857379177,1.3740694455790448,1.271871476954759,-0.625243920189236,-0.2220980823032678,1.443250128404455,-0.16557591449795164,0.05496799136993357,-8.673617379884035e-19,0.09652336445821139,-1.6615541849301134,-0.16557591449795095,-0.625243920189236,-0.2634537753010718,-0.2634537753010718,0.14578618211360467,BA,7
0.0,-0.4874178857379173,-0.4874178857379168,-0.34296922868012536,-0.34912676508979706,-0.4874178857379177,1.121834253708535,1.4950068237889274,-0.49322278523005625,-0.32232527116584847,1.6691535160064581,-0.0894120846806617,-0.0339181815088895,0.0,0.17990266543193667,-0.7532159577986257,-0.08941208468066107,-0.49322278523005625,-0.2634537753010718,-0.2634537753010718,0.1254896764184296,BA,8
0.0,-0.4874178857379173,-0.4874178857379168,-0.34296922868012536,-0.34912676508979706,-0.4874178857379177,1.3361567940402255,1.7925206195678183,-0.5019450953819486,-0.11740748470614454,1.9703580328091288,-0.16596750231192242,0.054467579319288605,0.0,0.16042549548426138,-1.047425688901454,-0.16596750231192112,-0.5019450953819486,-0.2634537753010718,-0.2634537753010718,0.17929518010702528,BA,9
0.0,-0.4874178857379173,-0.4874178857379168,-0.34296922868012536,-0.34912676508979706,-0.4874178857379177,1.6054139927240827,1.1231145790653136,-0.5008139972242283,-7.358392304311737e-05,1.2926478700031194,-0.2139370095233262,0.10921814703764343,-8.673617379884035e-19,0.13770837882329184,-1.7334483576459587,-0.2139370095233248,-0.5008139972242283,-0.6874023792338312,-0.6874023792338312,0.225770880972987,BA,10
0.0,-0.4874178857379173,-0.4874178857379168,-0.34296922868012536,-0.34912676508979706,-0.4874178857379177,1.0599360471145447,1.1974930280100362,-0.6721630046580507,-0.4459782089859724,1.3679489992037874,-0.11721481947257653,-0.008376725313271204,-8.673617379884035e-19,0.026473365254928823,-1.5537454780505449,-0.11721481947257609,-0.6721630046580507,-0.2634537753010718,-0.2634537753010718,0.05131169457213049,BA,11
0.0,-0.4874178857379173,-0.4874178857379168,-0.34296922868012536,-0.34912676508979706,-0.4874178857379177,1.2959229597541324,1.0487361301205909,-0.6183951980338842,-0.5426305566549072,1.2173467408024516,-0.15206613491596446,0.032620918455661715,-1.734723475976807e-18,0.1828013042550479,-1.6172624327149696,-0.15206613491596313,-0.6183951980338842,-1.5352995870993502,-1.5352995870993502,0.15786132550341345,BA,12
0.0,-0.4874178857379173,-0.4874178857379168,-0.34296922868012536,-0.34912676508979706,-0.4874178857379177,1.297470414918982,1.271871476954759,-0.5522015307840171,-0.41656574959160564,1.443250128404455,-0.1418848517527273,0.026213485919431356,-8.673617379884035e-19,0.2409445333743256,-0.9854726466295002,-0.14188485175272672,-0.5522015307840171,-1.1113509831665906,-1.1113509831665906,0.17397136826877704,BA,13
0.0,-0.4874178857379173,-0.4874178857379168,-0.34296922868012536,-0.34912676508979706,-0.4874178857379177,1.274258587446236,0.8999792322311453,-0.7468065075425904,-0.47233745815170763,1.0667444824011163,-0.16381376933508476,0.04679054579297119,-8.673617379884035e-19,0.1368332520711938,-1.5830732600283606,-0.16381376933508318,-0.7468065075425904,-0.6874023792338312,-0.6874023792338312,0.11443265105945097,BA,14
0.0,-0.4874178857379173,-0.4874178857379168,-0.34296922868012536,-0.34912676508979706,-0.4874178857379177,1.1589731776649288,0.9743576811758681,-0.52202725128227,-0.3012220874005359,1.142045611601784,-0.1123199717979439,-0.00984257548553915,0.0,0.1007171125873531,-1.0390997762597942,-0.11231997179794298,-0.52202725128227,-0.2634537753010718,-0.2634537753010718,0.12265999417693381,BA,15
0.0,-0.04396353423925438,-0.04396353423925417,-0.34296922868012536,-0.34912676508979706,-0.04396353423925494,0.9772090940016772,0.7512223343416998,-0.2924144579300649,-0.4349588866776598,0.7745761011025255,-0.3648941118090083,0.2909189155811628,0.0,0.8782491528697832,0.8647688151052656,-0.36489411180900794,-0.2924144579300649,0.16049482863168768,0.16049482863168768,0.41860367596304965,BA,16
0.0,-0.04396353423925438,-0.04396353423925417,-0.34296922868012536,-0.34912676508979706,-0.04396353423925494,1.469299836423899,1.1974930280100362,-0.32667171852543564,-0.2091299326266103,1.226382876306532,-0.40464027492702886,0.3484114170447815,0.0,0.7685947364319814,-0.4335350924685698,-0.4046402749270281,-0.32667171852543564,0.16049482863168768,0.16049482863168768,0.5303987114154928,BA,17
0.0,-0.04396353423925438,-0.04396353423925417,-1.6065400711858508,-0.34912676508979706,-0.04396353423925494,2.2345164154421013,1.56938527273365,-0.2930293223818272,0.08138186720155483,1.6028885223098706,-0.503124610140646,0.47856074127895937,0.0,0.5802459537119128,-1.3736648277933512,-0.5031246101406446,-0.2930293223818272,-0.6874023792338312,-0.6874023792338312,0.6965863712371769,BA,18
0.0,-0.04396353423925438,-0.04396353423925417,-0.34296922868012536,-0.34912676508979706,-0.04396353423925494,1.9962083200552396,1.4950068237889274,-0.15644171423101433,0.034472437021113994,1.5275873931092028,-0.46083312623181644,0.42279961855093184,0.0,0.639838169820379,-0.8341284931477431,-0.4608331262318153,-0.15644171423101433,0.16049482863168768,0.16049482863168768,0.6815086655665548,BA,19
0.0,-0.04396353423925438,-0.04396353423925417,-0.34296922868012536,-0.34912676508979706,-0.04396353423925494,2.099114088517749,1.4950068237889274,-0.2897631999024511,-0.030954717069159653,1.5275873931092028,-0.4855031585119672,0.457502441420044,0.0,0.5816007058683796,-1.1549496412055926,-0.48550315851196596,-0.2897631999024511,0.16049482863168768,0.16049482863168768,0.6786871158916954,BA,20
0.0,-0.04396353423925438,-0.04396353423925417,-0.34296922868012536,-0.34912676508979706,-0.04396353423925494,1.9838286787364416,1.7925206195678183,-0.22004577418898905,-0.007813810812632565,1.828791909911874,-0.46357424092961086,0.42727435362921207,0.0,0.6734322308049069,-0.5342958298506787,-0.4635742409296095,-0.22004577418898905,0.16049482863168768,0.16049482863168768,0.6829885958598909,BA,21
0.0,-0.4874178857379173,-0.4874178857379168,-0.34296922868012536,0.6092604331959215,-0.4874178857379177,1.0831478745872911,0.9743576811758681,-0.6021981375074367,-0.4037510407316253,1.142045611601784,-0.12171807933323892,-0.000982736879889204,0.0,0.14310429592788715,-1.2120589896397016,-0.12171807933323901,-0.6021981375074367,-0.2634537753010718,-0.2634537753010718,0.06222565134043126,BA,22
0.0,-0.4874178857379173,-0.4874178857379168,-0.34296922868012536,-0.34912676508979706,-0.4874178857379177,1.0653521401915185,1.0487361301205909,-0.6102561993519705,-0.4486752214181821,1.2173467408024516,-0.09391534454132408,-0.03218975815707298,0.0,0.12061283865712404,-0.512671855112797,-0.09391534454132303,-0.6102561993519705,-0.2634537753010718,-0.2634537753010718,0.1182394812383164,BA,23
0.0,-0.04396353423925438,-0.04396353423925417,-0.34296922868012536,-0.34912676508979706,-0.04396353423925494,2.229100322365128,1.56938527273365,-0.16314055888755227,-0.013438179560606405,1.6028885223098706,-0.4731681423718907,0.442119631057694,-8.673617379884035e-19,0.6673638996645209,-0.863002917944916,-0.47316814237189064,-0.16314055888755227,-0.2634537753010718,-0.2634537753010718,0.7571568729457117,BA,24
0.0,-0.4874178857379173,-0.4874178857379168,-0.34296922868012536,-0.34912676508979706,-0.4874178857379177,1.0792792366751665,1.7925206195678183,-0.6642639450077751,-0.4385211763813483,1.9703580328091288,-0.12328443058912208,0.0015601049797958604,-8.673617379884035e-19,0.22413583335896192,-0.9001345058743947,-0.12328443058912168,-0.6642639450077751,-0.2634537753010718,-0.2634537753010718,0.05989787293929344,BA,25
0.0,-0.04396353423925438,-0.04396353423925417,-1.6065400711858508,-0.34912676508979706,-0.04396353423925494,1.8445577138999636,1.1231145790653136,-0.3835163311452785,-0.25222020793661254,1.151081747105864,-0.4586793932549782,0.41853375802673737,0.0,0.505896731337323,-0.9385363466625739,-0.45867939325497736,-0.3835163311452785,0.16049482863168768,0.16049482863168768,0.618114893488842,BA,26
0.0,-0.4874178857379173,-0.4874178857379168,-0.34296922868012536,-0.34912676508979706,-0.4874178857379177,1.3694270800844954,1.271871476954759,-0.6241329111336734,-0.26252802792038765,1.443250128404455,-0.15402407398581727,0.040619902853446216,-8.673617379884035e-19,0.23075567484369022,-1.2604778618579935,-0.15402407398581694,-0.6241329111336734,-1.1113509831665906,-1.1113509831665906,0.1765652435105178,BA,27
0.0,-0.4874178857379173,-0.4874178857379168,-0.34296922868012536,-0.34912676508979706,-0.4874178857379177,1.3075288734905053,1.6437637216783727,-0.6393410992858982,-0.24361769612049514,1.819755774407794,-0.16126844854427408,0.04694901849229583,0.0,0.14520281072340918,-1.643145541423359,-0.16126844854427408,-0.6393410992858982,-0.2634537753010718,-0.2634537753010718,0.10808767472205529,BA,28
0.0,-0.4874178857379173,-0.4874178857379168,-0.34296922868012536,-0.34912676508979706,-0.4874178857379177,1.0653521401915185,0.676843885396977,-0.4774731905359223,-0.3427784241426942,0.8408410947991131,-0.09058684812257349,-0.03473371828076641,-8.673617379884035e-19,0.20670832964122243,-0.5718813825689191,-0.09058684812257259,-0.4774731905359223,-0.2634537753010718,-0.2634537753010718,0.11288814089703454,BA,29
0.0,-0.4874178857379173,-0.4874178857379168,-0.34296922868012536,-0.34912676508979706,-0.4874178857379177,1.1349876226097575,0.8256007832864226,-0.652820696652746,-0.2994129712205035,0.9914433532004485,-0.14012270658985987,0.02107944130104504,0.0,0.04291938439102947,-1.5692606608014612,-0.14012270658985895,-0.652820696652746,-0.2634537753010718,-0.2634537753010718,0.05484227011324959,BA,30
0.0,-0.4874178857379173,-0.4874178857379168,-0.34296922868012536,-0.34912676508979706,-0.4874178857379177,0.9910742922787311,0.8256007832864226,-0.5075507868367996,-0.41482923855130177,0.9914433532004485,-0.0845172370060285,-0.045709968989656395,-8.673617379884035e-19,0.17332613845360598,-0.7416334056424339,-0.08451723700602796,-0.5075507868367996,-0.2634537753010718,-0.2634537753010718,0.09260156038335127,BA,31
0.0,-0.04396353423925438,-0.04396353423925417,-0.34296922868012536,-0.34912676508979706,-0.04396353423925494,1.7927179658774974,0.9743576811758681,-0.2922525238243268,-0.039894488097058194,1.0004794887045287,-0.43185562799798866,0.3857984370636003,-8.673617379884035e-19,0.706640772830261,-0.6272597315885543,-0.4318556279979878,-0.2922525238243268,-1.5352995870993502,-1.5352995870993502,0.6415495330158827,BA,32
0.0,-0.4874178857379173,-0.4874178857379168,-0.34296922868012536,-0.34912676508979706,-0.4874178857379177,1.5233988689870452,1.9412775174572636,-0.654196237802338,-0.4759281166335648,2.1209602912104644,-0.1769319611030995,0.07298853588923868,-8.673617379884035e-19,-0.009943537130794213,-1.004439341922393,-0.17693196110309983,-0.654196237802338,-0.2634537753010718,-0.2634537753010718,0.2422870535852832,BA,33
0.0,-0.4874178857379173,-0.4874178857379168,-0.34296922868012536,-0.34912676508979706,-0.4874178857379177,0.9059642582119942,0.676843885396977,-0.4898318265436488,-0.358620653554334,0.8408410947991131,-0.06630840365639352,-0.0674346143902485,0.0,0.2519088662475403,-0.5457021391961119,-0.06630840365639311,-0.4898318265436488,-0.2634537753010718,-0.2634537753010718,0.06949181875054546,BA,34
0.0,-0.4874178857379173,-0.4874178857379168,-0.34296922868012536,-0.34912676508979706,-0.4874178857379177,0.5167792842522816,0.2305731917286406,-0.7500464611382714,-0.7551831226536678,0.3890343195951069,-0.0060038803049143755,-0.13941500262939943,-8.673617379884035e-19,0.38492643197274695,0.27684937839196827,-0.006003880304914086,-0.7500464611382714,-0.2634537753010718,-0.2634537753010718,-0.0795357876173009,BA,35
0.0,-0.4874178857379173,-0.4874178857379168,-0.34296922868012536,-0.34912676508979706,-0.4874178857379177,1.0738631435981922,0.8999792322311453,-0.7323736223376417,-0.5340332799936371,1.0667444824011163,-0.1266129270078721,0.002991059075490713,-8.673617379884035e-19,0.13166314066957693,-1.1902859873549183,-0.12661292700787213,-0.7323736223376417,-0.2634537753010718,-0.2634537753010718,0.07082400888048247,BA,36
0.0,-0.04396353423925438,-0.04396353423925417,-0.34296922868012536,-0.34912676508979706,-0.04396353423925494,2.4055102111579996,2.5363051090150455,-0.1535160375728923,0.3132931964628246,2.581803201918551,-0.5180049470715303,0.5027699250958587,-8.673617379884035e-19,0.6802924795722792,-1.3272246334241726,-0.518004947071529,-0.1535160375728923,-0.6874023792338312,-0.6874023792338312,0.7602301253520012,BA,37
0.0,-0.04396353423925438,-0.04396353423925417,-0.34296922868012536,-0.34912676508979706,-0.04396353423925494,1.9443685720327726,1.4950068237889274,-0.2406107176048131,0.035959210129506605,1.5275873931092028,-0.45398033948732985,0.41401374857464796,-8.673617379884035e-19,0.5773923732021731,-0.8918845309324429,-0.45398033948732935,-0.2406107176048131,0.16049482863168768,0.16049482863168768,0.6558428241722363,BA,38
0.0,-0.04396353423925438,-0.04396353423925417,-0.34296922868012536,-0.34912676508979706,-0.04396353423925494,1.9729964925824934,1.7925206195678183,-0.4171521388371246,-0.16764614119492485,1.828791909911874,-0.4808041047443194,0.4494608796171434,-8.673617379884035e-19,0.5483250425305508,-1.0989980854415824,-0.48080410474431795,-0.4171521388371246,0.16049482863168768,0.16049482863168768,0.6405004010290143,BA,39
0.0,-1.3931969866713565,-1.393196986671356,-0.34296922868012536,1.56764763148164,-1.393196986671357,-0.25756728023853465,0.00743784489447238,-1.4467397981387438,-1.1953337659038603,0.45228726812366776,1.4994554705052217,-1.4595844739782435,0.0,-1.2149786537260314,-2.629052098432383,1.4994554705052223,-1.4467397981387438,-1.1113509831665906,-1.1113509831665906,-1.1312485989997634,BA,40
0.0,-0.04396353423925438,-0.04396353423925417,-0.34296922868012536,-0.34912676508979706,-0.04396353423925494,1.4275185469729552,1.3462499258994818,-0.36214192953118146,-0.3527072884442088,1.3769851347078674,-0.4128636190204127,0.35641805638259905,0.0,0.6619330557305733,-0.5641266349559299,-0.41286361902041163,-0.36214192953118146,0.16049482863168768,0.16049482863168768,0.5093501972212174,BA,41
0.0,-0.4874178857379173,-0.4874178857379168,-0.34296922868012536,-0.34912676508979706,-0.4874178857379177,0.9284023581023159,1.4950068237889274,-0.502768101571191,-0.40287146372046534,1.6691535160064581,-0.0371351115155798,-0.09255710188945057,0.0,0.2954494219281876,-0.04276695672457748,-0.037135111515579536,-0.502768101571191,-0.2634537753010718,-0.2634537753010718,0.09419807583682317,BA,42
0.0,-0.04396353423925438,-0.04396353423925417,-0.34296922868012536,-0.34912676508979706,-0.04396353423925494,1.879375455109083,1.271871476954759,-0.23906612067981522,-0.22791807127353228,1.3016840055071994,-0.43263880362593027,0.38867150454324234,-8.673617379884035e-19,0.6423740776202144,-0.201302978166648,-0.43263880362592916,-0.23906612067981522,0.16049482863168768,0.16049482863168768,0.6955700898652699,BA,43
0.0,-0.4874178857379173,-0.4874178857379168,-0.34296922868012536,-0.34912676508979706,-0.4874178857379177,0.6777146213966558,0.5280869875075316,-0.5917351963469407,-0.5266229945888021,0.6902388363977777,-0.030478118678080306,-0.10737893272816063,-8.673617379884035e-19,0.24630950896020953,0.32904435696823114,-0.03047811867807866,-0.5917351963469407,-0.2634537753010718,-0.2634537753010718,-0.011870999548811703,BA,44
0.0,-0.4874178857379173,-0.4874178857379168,-0.34296922868012536,-0.34912676508979706,-0.4874178857379177,1.152009629423105,0.7512223343416998,-0.5512505054651645,-0.21909017466715017,0.916142223999781,-0.1383605614269913,0.01616258602089438,-8.673617379884035e-19,0.18376751065088245,-1.308872359981527,-0.13836056142699119,-0.5512505054651645,-0.2634537753010718,-0.2634537753010718,0.08764901630640685,BA,45
0.0,-0.4874178857379173,-0.4874178857379168,-0.34296922868012536,-0.34912676508979706,-0.4874178857379177,1.3647847145899459,1.6437637216783727,-0.6588854637325732,-0.28555687900312055,1.819755774407794,-0.18770062598729284,0.07707738869734594,0.0,0.14825355019456546,-1.6267091128946638,-0.18770062598729248,-0.6588854637325732,-0.2634537753010718,-0.2634537753010718,0.11390031224302384,BA,46
0.0,-1.3931969866713565,-1.393196986671356,0.9206016138256001,1.56764763148164,-1.393196986671357,-0.060266746720191014,0.3793300896180861,-1.3868711565401466,-0.8989301259393973,0.8287929141270064,1.3945099363610904,-1.3694271906089108,-8.673617379884035e-19,-1.2550445405712685,-2.6627548481952443,1.3945099363610902,-1.3868711565401466,-1.1113509831665906,-1.1113509831665906,-0.980936694448928,BA,47
0.0,-1.3931969866713565,-1.393196986671356,0.9206016138256001,1.56764763148164,-1.393196986671357,-0.05252947089594248,0.2305731917286406,-1.4873976814670888,-1.0348060029872748,0.6781906557256709,1.260195316169159,-1.2833628052984993,-8.673617379884035e-19,-1.3282346280376967,-2.9181993572839517,1.2601953161691601,-1.4873976814670888,-1.1113509831665906,-1.1113509831665906,-1.0043922487612835,BA,48
0.0,-1.3931969866713565,-1.393196986671356,-0.34296922868012536,1.56764763148164,-1.393196986671357,-0.34190358672284626,0.08181629383919513,-1.393073373318814,-1.1560665021089063,0.5275883973243353,1.5932407519511915,-1.5212881961402138,-8.673617379884035e-19,-1.1331131369069218,-1.5404819543008264,1.593240751951192,-1.393073373318814,-1.1113509831665906,-1.1113509831665906,-1.1240070117936816,BA,49
