graph_id,nodes,edges,density,radius,diameter,avg_degree,degree_variance,max_degree,global_clustering,avg_clustering,freeman_centralization,avg_betweenness,avg_closeness,avg_pagerank,degree_entropy,assortativity,avg_shortest_path,transitivity,edge_connectivity,node_connectivity,spectral_radius,label
0,150,723,0.0646979865771812,3,4,9.64,6.670399999999999,16,0.06002667852378835,0.06087545787545788,0.043261382187556686,0.009801680875506378,0.4089922479423055,0.006666666666666668,3.3571722409310754,-0.08164310456417052,2.450648769574944,0.06002667852378835,4,4,10.351490274453933,ER
1,150,729,0.06523489932885906,3,4,9.72,9.014933333333333,17,0.054599744063699704,0.052184512655100886,0.04951931797569382,0.00976721688131084,0.41046611620708984,0.006666666666666667,3.546042053324128,0.02405550573496911,2.4455480984340046,0.054599744063699704,3,3,10.75002198784853,ER
2,150,799,0.07149888143176734,3,4,10.653333333333334,10.253155555555555,19,0.07958028766800283,0.0804423696931437,0.0567748957010702,0.009260535703488722,0.42342445927253014,0.006666666666666667,3.6425955086842623,-0.004893276545760959,2.370559284116331,0.07958028766800283,3,3,11.672004155843585,ER
3,150,747,0.06684563758389261,3,4,9.96,9.331733333333332,19,0.06492628161774652,0.06648672093873333,0.06149102122256485,0.009637221113731182,0.41382333797222204,0.006666666666666666,3.5932086472695848,-0.05642173309392607,2.426308724832215,0.06492628161774652,2,2,10.92695188017492,ER
4,150,733,0.06559284116331096,3,4,9.773333333333333,7.93528888888889,17,0.06575576430401367,0.06236576277752748,0.049156539089424994,0.009735171413023762,0.41107063248240294,0.006666666666666667,3.4843078103469267,0.008369194998554909,2.4408053691275167,0.06575576430401367,3,3,10.658944987238497,ER
5,150,788,0.0705145413870246,3,4,10.506666666666666,8.609955555555556,19,0.06304534840850436,0.06217240688448118,0.05777253763830945,0.00930527843279521,0.4220085016480096,0.006666666666666668,3.500476141008218,0.007730071235426065,2.3771812080536914,0.06304534840850436,4,4,11.402747339967839,ER
6,150,723,0.0646979865771812,3,4,9.64,7.910399999999998,18,0.05745614035087719,0.05690474014003426,0.056865590422637405,0.009769030775742185,0.4100968538675113,0.006666666666666667,3.4626297354154043,-0.0029176378770283933,2.4458165548098436,0.05745614035087719,4,4,10.523328935284153,ER
7,150,764,0.0683668903803132,3,4,10.186666666666667,8.365155555555555,20,0.07023280146481821,0.07298089194374024,0.06675131507346273,0.00946490114275349,0.4176859483725046,0.006666666666666667,3.512368419896065,-0.04745222828188056,2.4008053691275166,0.07023280146481821,4,4,11.056579720343564,ER
8,150,728,0.06514541387024608,3,4,9.706666666666667,10.08728888888889,20,0.06765327695560254,0.06551660436799756,0.0700163250498821,0.009772658564604873,0.41044390189640123,0.006666666666666667,3.5943455209376935,-0.001918761037617719,2.4463534675615213,0.06765327695560254,2,2,10.843752920820886,ER
9,150,767,0.06863534675615213,3,4,10.226666666666667,10.961955555555555,19,0.07747816179263198,0.07441001379081875,0.05967712679122075,0.009470342826047523,0.4180854038421978,0.006666666666666667,3.6670462907291097,-0.000537337418573182,2.4016107382550334,0.07747816179263198,3,3,11.40265355352875,ER
10,150,761,0.06809843400447427,3,4,10.146666666666667,9.765155555555557,18,0.05381515663590277,0.06468186715245539,0.05341919100308362,0.009534433762621681,0.4163905052635144,0.006666666666666667,3.662592460317938,0.011521244412406434,2.411096196868009,0.05381515663590277,2,2,11.210816561323758,ER
11,150,769,0.06881431767337808,3,4,10.253333333333334,10.589155555555557,19,0.06902654867256637,0.06936299745432871,0.059495737348086344,0.00947638914081867,0.41795613122689657,0.006666666666666668,3.690856515174347,-0.004869148939630289,2.4025055928411634,0.06902654867256637,2,2,11.360985400853227,ER
12,150,763,0.06827740492170023,3,4,10.173333333333334,11.783288888888888,19,0.06774070785234047,0.0655990047104598,0.06003990567748957,0.009517504081262472,0.41716882990602094,0.006666666666666667,3.7298849602382242,-0.03253628135444381,2.4085906040268457,0.06774070785234047,1,1,11.400618533596662,ER
13,150,1605,0.1436241610738255,2,3,21.4,19.586666666666666,33,0.14898716786998334,0.14894995293179022,0.07890440776346816,0.006094080657839048,0.5263226769477808,0.006666666666666667,4.0798693495174465,0.025877816910530472,1.901923937360179,0.14898716786998334,10,10,22.378895805820598,ER
14,150,770,0.06890380313199106,3,4,10.266666666666667,8.715555555555557,22,0.06971369880600847,0.06892049889108712,0.07981135497914021,0.009411693572767398,0.4192173720378895,0.006666666666666666,3.5110515922073375,-0.03209256186859915,2.3929306487695747,0.06971369880600847,3,3,11.174963730073404,ER
15,150,1654,0.1480089485458613,2,3,22.053333333333335,17.717155555555554,34,0.14721584465160023,0.14845038930946203,0.0812624705242155,0.005976782151278795,0.5310464851612325,0.006666666666666665,3.976004123179304,-0.009657787323998312,1.8845637583892618,0.14721584465160023,11,11,22.880406731884484,ER
16,150,738,0.06604026845637584,3,4,9.84,7.654400000000001,16,0.0566356720202874,0.05363778813778814,0.04190096136404861,0.009668057319064031,0.41256124556911045,0.006666666666666667,3.41824952562449,0.007650749540438101,2.4308724832214765,0.0566356720202874,4,4,10.691816681342765,ER
17,150,1537,0.13753914988814317,2,3,20.493333333333332,19.169955555555553,33,0.13758399949042963,0.13834099299861216,0.0850716488300381,0.00621682084769333,0.5214555493199039,0.006666666666666667,4.068842757168253,-0.004204498417870421,1.920089485458613,0.13758399949042963,10,10,21.469272306766538,ER
18,150,755,0.06756152125279642,3,4,10.066666666666666,9.275555555555554,19,0.06683463731600583,0.06766673155992041,0.06076546345002721,0.009574339440111252,0.415124813586018,0.006666666666666667,3.5533574376303827,-0.0073226630661075804,2.4170022371364652,0.06683463731600583,4,4,11.069281634035626,ER
19,150,761,0.06809843400447427,3,4,10.146666666666667,9.79182222222222,19,0.07056530214424951,0.07275638814802901,0.06022129512062398,0.009513876292399782,0.4167714304013235,0.006666666666666667,3.5715163446797833,-0.021034482340307113,2.408053691275168,0.07056530214424951,4,4,11.178774397979078,ER
20,150,1556,0.1392393736017897,2,3,20.746666666666666,15.402488888888886,29,0.13700950409334714,0.13770827926432197,0.056140032650099765,0.006146683596348026,0.5242317177378504,0.006666666666666667,3.858582106454088,-0.01311340419126248,1.9097091722595079,0.13700950409334714,6,6,21.510160754386405,ER
21,150,1592,0.14246085011185683,2,3,21.226666666666667,16.89528888888889,32,0.14207601290785227,0.14118826491620293,0.07328133502630146,0.006074127819094263,0.5270257816816949,0.006666666666666667,3.9467361602033737,0.014648907334728107,1.8989709172259508,0.14207601290785227,12,12,22.06668257096744,ER
22,150,1603,0.14344519015659954,2,3,21.373333333333335,16.020622222222226,34,0.13901358535144714,0.1395012919482909,0.08588790132414294,0.0060426869822842975,0.5283261295555103,0.006666666666666666,3.934270352342855,0.008790342192994736,1.894317673378076,0.13901358535144714,10,10,22.159993381035598,ER
23,150,1586,0.14192393736017897,2,3,21.14666666666667,18.09848888888889,34,0.14166916841789254,0.14148804106285376,0.08742971159078541,0.006065058346937541,0.5274485033481406,0.006666666666666667,4.03032244663484,-0.0016871935931087102,1.8976286353467562,0.14166916841789254,13,13,22.032669383924933,ER
24,150,1620,0.14496644295302014,2,3,21.6,17.586666666666666,32,0.1504713037963737,0.15013372155823415,0.07074188282241974,0.006014269302859907,0.5294815125017106,0.006666666666666666,4.037337499434991,0.007511137937431881,1.8901118568232662,0.1504713037963737,11,11,22.45393247761215,ER
25,150,1626,0.145503355704698,2,3,21.68,20.230933333333336,36,0.14862134706769484,0.14923835031778745,0.09740613096317795,0.005994316464115122,0.5302951332575753,0.006666666666666666,4.083359313786405,-0.04412333567439689,1.887158836689038,0.14862134706769484,11,11,22.609263773825447,ER
26,150,1542,0.13798657718120805,2,3,20.56,16.2064,34,0.1369155751027823,0.13681371828452368,0.09142027933974242,0.006176310538726646,0.5229461387385917,0.006666666666666665,3.9313377424391303,-0.01620203522161965,1.9140939597315436,0.1369155751027823,11,11,21.37361624231019,ER
27,150,1610,0.14407158836689038,2,3,21.466666666666665,18.94222222222222,32,0.14095775631327825,0.14206943869321756,0.07164883003809178,0.006030594352742004,0.5288649625142615,0.006666666666666665,4.0976467211717305,-0.045654326291372754,1.8925279642058166,0.14095775631327825,11,11,22.34124137628089,ER
28,150,757,0.06774049217002237,3,4,10.093333333333334,7.964622222222221,18,0.060954417858575055,0.06155468931939519,0.05378196988935244,0.009544712497732633,0.41587195209374284,0.006666666666666667,3.477939635031142,0.0133349115458812,2.4126174496644297,0.060954417858575055,3,3,10.963492638579353,ER
29,150,1509,0.13503355704697986,2,3,20.12,17.53226666666667,32,0.13415321377664335,0.13549920050701877,0.08080899691637947,0.006226494951327166,0.5210500945216683,0.006666666666666666,3.9955440283405785,-0.005135407443438923,1.9215212527964205,0.13415321377664335,9,9,21.01998138901726,ER
30,150,767,0.06863534675615213,3,4,10.226666666666667,12.241955555555554,20,0.06866791744840525,0.0726149718874177,0.06647923090876111,0.009483644718544048,0.41792510853716647,0.006666666666666667,3.704472243723828,-0.06982169928095457,2.403579418344519,0.06866791744840525,1,1,11.439522054601566,ER
31,150,754,0.06747203579418344,3,4,10.053333333333333,9.370488888888888,17,0.06534732368176385,0.06671658080481609,0.047251949936513694,0.00947276135195598,0.4175768018433424,0.006666666666666667,3.570705135954975,-0.06306171166781652,2.4019686800894853,0.06534732368176385,4,4,11.02425742272705,ER
32,150,729,0.06523489932885906,3,4,9.72,8.508266666666668,17,0.06604717655468191,0.06685365397130104,0.04951931797569382,0.009743031622226254,0.4112024954461208,0.006666666666666667,3.5505442002525003,-0.00023428322763153765,2.4419686800894853,0.06604717655468191,2,2,10.660431258701047,ER
33,150,835,0.07472035794183446,3,4,11.133333333333333,11.72888888888889,19,0.0799700246226314,0.08199217306028452,0.053509885724650826,0.008990265433218453,0.43073473768299225,0.006666666666666667,3.7139464457898232,-0.04017187304943164,2.330559284116331,0.0799700246226314,3,3,12.22756240795815,ER
34,150,727,0.06505592841163312,3,4,9.693333333333333,9.185955555555557,20,0.07190754743900699,0.07479892547539606,0.0701070197714493,0.009744240885180482,0.41089557976901014,0.006666666666666667,3.541199245400601,-0.05777332219961178,2.4421476510067115,0.07190754743900699,3,3,10.658952827464596,ER
35,150,743,0.06648769574944072,3,4,9.906666666666666,7.377955555555557,17,0.05982429228838377,0.06120968900380665,0.048249591873752946,0.009649313743273474,0.41314607606723863,0.006666666666666667,3.3825497802601965,0.018664862344693167,2.4280984340044744,0.05982429228838377,4,4,10.732123156172248,ER
36,150,702,0.06281879194630872,3,4,9.36,7.9770666666666665,17,0.06169785062625638,0.057421275891864125,0.05196807545800834,0.0099794425297781,0.4051006670307971,0.006666666666666667,3.447021081564477,0.04312998695539553,2.476957494407159,0.06169785062625638,3,3,10.342257085917973,ER
37,150,732,0.06550335570469798,3,4,9.76,8.289066666666665,17,0.061842479385840206,0.06106335603394426,0.0492472338109922,0.009729125098252616,0.41130422711828,0.006666666666666667,3.469116333041183,0.02084442314358503,2.439910514541387,0.061842479385840206,4,4,10.706836431000092,ER
38,150,748,0.0669351230425056,3,4,9.973333333333333,10.665955555555556,24,0.06869009584664537,0.0681539714205618,0.09541084708869944,0.009578571860451053,0.41531614370868314,0.006666666666666667,3.6261939931293186,-0.02421075489713118,2.417628635346756,0.06869009584664537,3,3,11.122509579545506,ER
39,150,1611,0.14416107382550336,2,3,21.48,17.849600000000002,31,0.14522894092974484,0.14563341267408716,0.06475603119898422,0.006035431404558921,0.5286408735506982,0.006666666666666666,4.014532225013128,-0.008572636834370866,1.8932438478747204,0.14522894092974484,13,13,22.32956176606576,ER
40,150,782,0.06997762863534676,3,4,10.426666666666666,8.951288888888891,20,0.06564714658709436,0.06625199671329703,0.06511881008525304,0.009335510006650949,0.4212033884810854,0.006666666666666668,3.4857426106180633,-0.04012449490296782,2.38165548098434,0.06564714658709436,5,5,11.34043122172612,ER
41,150,1317,0.11785234899328859,3,3,17.56,15.4464,30,0.12225705329153605,0.12179096492214976,0.08461817522220207,0.006708990870064696,0.5027022074811495,0.006666666666666667,3.936807288393547,-0.003683258432120167,1.992930648769575,0.12225705329153605,8,8,18.477899860656056,ER
42,150,742,0.06639821029082774,3,4,9.893333333333333,9.69528888888889,19,0.07002457002457002,0.06821820273523059,0.06194449483040087,0.009675917528266522,0.4128084856240645,0.006666666666666667,3.5906528576689776,0.036683123465382085,2.432035794183445,0.07002457002457002,4,4,11.01263435661168,ER
43,150,1245,0.11140939597315436,3,3,16.6,13.813333333333333,28,0.11159448626454199,0.11087927928749035,0.07754398693996009,0.006894612733538909,0.4958447050483909,0.006666666666666667,3.8594478606710294,-0.00984073990379541,2.0204026845637584,0.11159448626454199,8,8,17.475091505781364,ER
44,150,767,0.06863534675615213,3,4,10.226666666666667,11.548622222222223,21,0.0717612992572076,0.07305111446287915,0.07328133502630146,0.009483644718544048,0.41783660728345884,0.006666666666666667,3.735089216880788,-0.04204023412522726,2.403579418344519,0.0717612992572076,3,3,11.394669191642839,ER
45,150,741,0.06630872483221477,3,4,9.88,9.2256,19,0.05858085808580858,0.058319271830107745,0.06203518955196807,0.009650523006227705,0.4133496773103144,0.006666666666666667,3.601332435604633,-0.030943256020431062,2.4282774049217,0.05858085808580858,3,3,10.850870616828916,ER
46,150,1644,0.14711409395973155,2,3,21.92,15.780266666666666,32,0.1451259275916348,0.14525698147523908,0.06856520950480682,0.006005199830703187,0.5298555600387914,0.006666666666666666,3.920463086850687,-0.006472786485010093,1.8887695749440716,0.1451259275916348,11,11,22.659360213566686,ER
47,150,782,0.06997762863534676,3,4,10.426666666666666,9.764622222222222,22,0.0618213228035538,0.06142865585280446,0.07872301832033375,0.009336719269605175,0.4211345208024597,0.006666666666666667,3.5478573811394587,-0.09051025692683799,2.381834451901566,0.0618213228035538,5,5,11.36356239537051,ER
48,150,1322,0.11829977628635346,2,3,17.626666666666665,13.433955555555556,30,0.1158865495040891,0.11655873143103847,0.08416470161436604,0.006684805610980108,0.5035450594871215,0.006666666666666667,3.7838700651974873,-0.01829276337145958,1.989351230425056,0.1158865495040891,8,8,18.405078751891082,ER
49,150,1582,0.14156599552572707,2,3,21.093333333333334,20.61795555555555,33,0.14723705525889483,0.14582318270046557,0.08099038635951387,0.006101940867041538,0.5260404074556995,0.006666666666666667,4.0715289436118915,0.02317377663157053,1.9030872483221477,0.14723705525889483,9,9,22.129586274641973,ER
0,150,600,0.053691275167785234,4,4,8.0,2.1733333333333333,13,0.18977767591107036,0.1997336737336737,0.03401052058770179,0.01201644597617752,0.3606743073092307,0.006666666666666667,2.5649676951085065,-0.05456306903220634,2.778434004474273,0.18977767591107036,5,5,8.291686723570216,WS
1,150,600,0.053691275167785234,4,5,8.0,2.5866666666666664,13,0.20755575785161584,0.224008954008954,0.03401052058770179,0.012227462361690549,0.3569659345703399,0.006666666666666667,2.6947109381757586,-0.044821509658760805,2.8096644295302013,0.20755575785161584,5,5,8.356753376767827,WS
2,150,600,0.053691275167785234,4,5,8.0,2.4,13,0.2047945205479452,0.21765978465978464,0.03401052058770179,0.01216699921397908,0.3579654950677722,0.006666666666666666,2.639725649324753,-0.10645375914837148,2.8007158836689037,0.2047945205479452,5,5,8.306774621449241,WS
3,150,600,0.053691275167785234,4,5,8.0,2.2533333333333334,13,0.20668345159075302,0.21725230325230327,0.03401052058770179,0.012229880887599007,0.3567862589206135,0.006666666666666667,2.5839070369670587,-0.02359007721388699,2.8100223713646533,0.20668345159075302,5,5,8.311395562544902,WS
4,150,600,0.053691275167785234,3,5,8.0,2.32,13,0.19821673525377229,0.2084940614940615,0.03401052058770179,0.012112582381038758,0.3589307281088521,0.006666666666666666,2.61844455697575,-0.08397654898983789,2.792662192393736,0.19821673525377229,4,4,8.314163164756916,WS
5,150,600,0.053691275167785234,4,5,8.0,2.026666666666667,13,0.21576286764705882,0.22423646723646726,0.03401052058770179,0.01222504383578209,0.35679796480108567,0.006666666666666665,2.5163238959467775,0.03281419699062284,2.8093064876957494,0.21576286764705882,4,4,8.327728810907667,WS
6,150,600,0.053691275167785234,4,5,8.0,2.04,13,0.21709166092350105,0.22179790579790576,0.03401052058770179,0.012359876655178669,0.35415778117725694,0.006666666666666666,2.5191229811991795,-0.04728822862454194,2.829261744966443,0.21709166092350105,5,5,8.284139420317036,WS
7,150,600,0.053691275167785234,4,5,8.0,2.0933333333333333,12,0.2038099609823273,0.2159158249158249,0.027208416470161437,0.012312110768486605,0.3553613162962571,0.006666666666666667,2.461740541882204,-0.007586370368885323,2.822192393736018,0.2038099609823273,6,6,8.315115503206968,WS
8,150,600,0.053691275167785234,4,5,8.0,2.1733333333333333,12,0.218656887462755,0.22786099086099085,0.027208416470161437,0.012376201705060765,0.35404809887664307,0.006666666666666666,2.5909914647890457,0.02022329368006936,2.831677852348993,0.218656887462755,4,4,8.325934396193643,WS
9,150,600,0.053691275167785234,4,5,8.0,2.2533333333333334,13,0.202563515678645,0.21779827579827574,0.03401052058770179,0.012160348267730818,0.3579637955146715,0.006666666666666667,2.5758114332016375,-0.10133235691564856,2.799731543624161,0.202563515678645,5,5,8.291284529812875,WS
10,150,600,0.053691275167785234,4,4,8.0,2.1066666666666665,13,0.17898118402937127,0.19177259777259778,0.03401052058770179,0.012015236713223292,0.3608449600712384,0.006666666666666667,2.534496179056763,-0.008081926658166604,2.778255033557047,0.17898118402937127,5,5,8.303576006192305,WS
11,150,600,0.053691275167785234,4,5,8.0,2.08,13,0.23209366391184574,0.24260365560365557,0.03401052058770179,0.012400991595622465,0.3535248114067201,0.006666666666666665,2.5068357415552116,-0.02930511603375264,2.8353467561521253,0.23209366391184574,4,4,8.314065017203799,WS
12,150,600,0.053691275167785234,4,5,8.0,2.24,15,0.2129120879120879,0.23135834535834532,0.04761472882278251,0.012168813108410422,0.3579683446717707,0.006666666666666667,2.5370606376135383,-0.04781017911752054,2.8009843400447427,0.2129120879120879,5,5,8.310178989632359,WS
13,150,600,0.053691275167785234,4,5,8.0,2.52,14,0.19548872180451127,0.20837939837939837,0.040812624705242155,0.01210411754035915,0.35931455136075746,0.006666666666666667,2.637037189215223,-0.028430255383942744,2.7914093959731545,0.19548872180451127,4,4,8.370819293686239,WS
14,150,600,0.053691275167785234,4,5,8.0,1.7466666666666666,12,0.22373585776956822,0.2342943722943723,0.027208416470161437,0.012494709474575245,0.35192803037576714,0.006666666666666666,2.3790646454994047,-0.055377345345415295,2.8492170022371366,0.22373585776956822,6,6,8.245691175498454,WS
15,150,600,0.053691275167785234,4,5,8.0,1.9866666666666666,12,0.20763393883651415,0.21572919672919666,0.027208416470161437,0.012260112461454743,0.356155667148754,0.006666666666666666,2.5084839801560292,-0.05096219849930094,2.814496644295302,0.20763393883651415,4,4,8.27327716589534,WS
16,150,600,0.053691275167785234,4,5,8.0,2.013333333333333,12,0.19788554355320617,0.20826070226070223,0.027208416470161437,0.012258903198500514,0.3563114846554845,0.006666666666666666,2.5276607983687716,-0.03649775141626355,2.814317673378076,0.19788554355320617,5,5,8.287997107132654,WS
17,150,600,0.053691275167785234,4,5,8.0,1.88,13,0.2425708362128542,0.2555372405372405,0.03401052058770179,0.012501965052300624,0.351823155871845,0.006666666666666667,2.454903772834019,-0.02609395903417216,2.8502908277404924,0.2425708362128542,5,5,8.259678581030132,WS
18,150,600,0.053691275167785234,4,5,8.0,1.8666666666666667,13,0.2184331797235023,0.2302657712657712,0.03401052058770179,0.012327226555414473,0.3549224546405341,0.006666666666666667,2.4530834391941023,-0.05504314192204804,2.8244295302013422,0.2184331797235023,5,5,8.258683168691585,WS
19,150,600,0.053691275167785234,4,5,8.0,2.013333333333333,13,0.2282233969202482,0.24023557923557923,0.03401052058770179,0.012308482979623921,0.3553779764933037,0.006666666666666666,2.512232863289104,-0.0190944299846558,2.82165548098434,0.2282233969202482,4,4,8.296588879330615,WS
20,150,600,0.053691275167785234,4,4,8.0,2.066666666666667,12,0.21699196326061998,0.2281293891293891,0.027208416470161437,0.012161557530685046,0.3580357426894215,0.006666666666666667,2.471429963165923,-0.01576204001373213,2.799910514541387,0.21699196326061998,5,5,8.313669317002443,WS
21,150,600,0.053691275167785234,4,5,8.0,2.44,13,0.2265571526351814,0.24102893402893397,0.03401052058770179,0.012421549065844369,0.35345444295549233,0.006666666666666666,2.6040227114767744,0.026264097846760717,2.8383892617449664,0.2265571526351814,5,5,8.388713486404011,WS
22,150,600,0.053691275167785234,4,5,8.0,2.7066666666666666,12,0.21121962298432886,0.2260894660894661,0.027208416470161437,0.012185138158292521,0.3576206146655147,0.006666666666666667,2.744872743851074,-0.03355258815547883,2.803400447427293,0.21121962298432886,4,4,8.389310757712838,WS
23,150,600,0.053691275167785234,4,5,8.0,2.013333333333333,12,0.23236037692484487,0.24486916786916785,0.027208416470161437,0.01243968801015781,0.35271831391192165,0.006666666666666665,2.5296098663069055,-0.0726511006425958,2.8410738255033556,0.23236037692484487,4,4,8.280504343128214,WS
24,150,600,0.053691275167785234,4,5,8.0,2.1333333333333333,14,0.22018348623853212,0.2326241536241536,0.040812624705242155,0.01222746236169055,0.3568173396837966,0.006666666666666665,2.5271307754307064,-0.04009779951100081,2.8096644295302013,0.22018348623853212,4,4,8.316833712658372,WS
25,150,600,0.053691275167785234,4,5,8.0,2.2533333333333334,12,0.2094300755321584,0.22176527176527172,0.027208416470161437,0.012192393736017895,0.3575154153328397,0.006666666666666667,2.5841602127723116,-0.005370690700731002,2.8044742729306487,0.2094300755321584,5,5,8.33085178501689,WS
26,150,600,0.053691275167785234,4,5,8.0,2.3733333333333335,12,0.18912745545911375,0.2015021645021645,0.027208416470161437,0.011930588306427231,0.36236329998587674,0.006666666666666667,2.5898769788142246,-0.034906951351508335,2.7657270693512306,0.18912745545911375,5,5,8.329400866609298,WS
27,150,600,0.053691275167785234,4,5,8.0,2.4133333333333336,12,0.18625884501255421,0.19926791726791723,0.027208416470161437,0.01205756091662132,0.3601876592285934,0.006666666666666667,2.6270620887642067,-0.09497556400923654,2.784519015659955,0.18625884501255421,5,5,8.312211572076624,WS
28,150,600,0.053691275167785234,3,5,8.0,2.2133333333333334,13,0.22400366468163077,0.2325038665038665,0.03401052058770179,0.012328435818368705,0.3549554388523111,0.006666666666666665,2.593256643993295,-0.046039621135900086,2.8246085011185684,0.22400366468163077,4,4,8.29613781169661,WS
29,150,600,0.053691275167785234,4,4,8.0,2.28,13,0.1873713109128346,0.19754623154623155,0.03401052058770179,0.012006167241066568,0.36100229934304373,0.006666666666666667,2.597884241145755,-0.01849670783277825,2.7769127516778522,0.1873713109128346,4,4,8.329949010120663,WS
30,150,600,0.053691275167785234,4,5,8.0,2.3466666666666667,13,0.22212065813528337,0.23796832796832793,0.03401052058770179,0.012323598766551787,0.35503265871759027,0.006666666666666666,2.5998750610008132,-0.08356882592932606,2.8238926174496646,0.22212065813528337,5,5,8.303060540089175,WS
31,150,600,0.053691275167785234,4,5,8.0,2.5866666666666664,13,0.1939007737824306,0.20303119103119105,0.03401052058770179,0.012050909970373056,0.3601238200046691,0.006666666666666667,2.6561042471018323,-0.05236558412358523,2.7835346756152126,0.1939007737824306,5,5,8.371726202148613,WS
32,150,600,0.053691275167785234,4,5,8.0,1.92,13,0.2562154696132597,0.26989147889147885,0.03401052058770179,0.012610194086704152,0.34963891802589797,0.006666666666666665,2.4745128708582453,-0.08847265119059902,2.8663087248322148,0.2562154696132597,4,4,8.253151475456793,WS
33,150,600,0.053691275167785234,4,5,8.0,2.066666666666667,12,0.20803673938002296,0.22176238576238574,0.027208416470161437,0.012190579841586552,0.35749654022530525,0.006666666666666667,2.540623768674333,-0.0032621489826798198,2.80420581655481,0.20803673938002296,5,5,8.29506725350003,WS
34,150,600,0.053691275167785234,4,5,8.0,2.16,13,0.2248968363136176,0.23487619787619793,0.03401052058770179,0.012335086764616966,0.3548520273275571,0.006666666666666667,2.5590250598238575,0.003892663144021444,2.825592841163311,0.2248968363136176,5,5,8.327614187620172,WS
35,150,600,0.053691275167785234,4,5,8.0,1.8133333333333332,13,0.24146678966789667,0.2484756724756724,0.03401052058770179,0.012511639155934458,0.3515378415898297,0.006666666666666665,2.416882580178547,0.0850965023559263,2.8517225950782996,0.24146678966789667,5,5,8.356612500571387,WS
36,150,300,0.026845637583892617,6,10,4.0,0.7866666666666666,7,0.25651720542231493,0.3058412698412698,0.020406312352621078,0.024641755849809537,0.2175210458366279,0.006666666666666667,1.798250565243989,-0.06685328268042035,4.646979865771812,0.25651720542231493,2,2,4.264823934019708,WS
37,150,300,0.026845637583892617,6,8,4.0,0.8533333333333334,7,0.21784232365145229,0.2473650793650794,0.020406312352621078,0.023683414958582744,0.22363646950312083,0.006666666666666667,1.8996007948254345,-0.12865699717835616,4.505145413870246,0.21784232365145229,2,2,4.275679110634661,WS
38,150,600,0.053691275167785234,4,5,8.0,1.8533333333333333,12,0.18944457248213875,0.1972202982202982,0.027208416470161437,0.012108954592176067,0.35886883803853137,0.006666666666666666,2.412346755716574,-0.05361533425988678,2.7921252796420584,0.18944457248213875,5,5,8.249923384654961,WS
39,150,600,0.053691275167785234,4,5,8.0,2.3866666666666667,12,0.20826672756337064,0.22564454064454065,0.027208416470161437,0.012283088457585103,0.3559369872112126,0.006666666666666667,2.642574018930912,-0.09273030808924049,2.817897091722595,0.20826672756337064,5,5,8.330326441923209,WS
40,150,450,0.040268456375838924,5,8,6.0,0.6266666666666667,8,0.4087940792337832,0.4228888888888888,0.013604208235080718,0.020078602092024913,0.25311608464286717,0.0066666666666666645,1.6745093737507137,-0.08081743735195102,3.971633109619687,0.4087940792337832,4,4,6.138748880076229,WS
41,150,450,0.040268456375838924,6,8,6.0,0.5866666666666667,9,0.44856146469049696,0.46329629629629615,0.020406312352621078,0.021549065844367856,0.24008705248537676,0.006666666666666665,1.584972656889766,-0.06888361045130693,4.189261744966443,0.44856146469049696,4,4,6.15101623286693,WS
42,150,600,0.053691275167785234,4,5,8.0,2.026666666666667,12,0.22679227941176472,0.23841462241462238,0.027208416470161437,0.012354434971884634,0.35436491094950706,0.006666666666666665,2.4802227801988197,-0.054419209561787064,2.8284563758389263,0.22679227941176472,5,5,8.290543608547882,WS
43,150,600,0.053691275167785234,4,5,8.0,1.96,13,0.22705314009661837,0.23601779701779702,0.03401052058770179,0.012343551605296571,0.35456912575679544,0.006666666666666667,2.458171480385531,-0.06952294063515918,2.8268456375838924,0.22705314009661837,5,5,8.265369685999197,WS
44,150,600,0.053691275167785234,4,5,8.0,2.0533333333333332,11,0.21221864951768488,0.22330447330447328,0.020406312352621078,0.012230485519076122,0.3567123651869897,0.006666666666666665,2.52254477293995,-0.047410231623745865,2.810111856823266,0.21221864951768488,5,5,8.28348437025788,WS
45,150,300,0.026845637583892617,6,8,4.0,0.8533333333333334,7,0.23029045643153526,0.2488571428571428,0.020406312352621078,0.023762017050607653,0.2227683837287328,0.006666666666666666,1.8706917925603521,-0.04958597646602829,4.516778523489933,0.23029045643153526,2,2,4.335389852745478,WS
46,150,600,0.053691275167785234,4,5,8.0,1.8533333333333333,12,0.22124913574556349,0.23165897065897062,0.027208416470161437,0.012269786565088578,0.3559068136944867,0.006666666666666667,2.4349895914543214,-0.033425752367209245,2.81592841163311,0.22124913574556349,5,5,8.26818978288104,WS
47,150,300,0.026845637583892617,6,9,4.0,0.7866666666666666,7,0.2127215849843587,0.22295238095238096,0.020406312352621078,0.024025031743152545,0.2211068203163739,0.006666666666666667,1.8149170237100727,-0.033424416270607236,4.555704697986577,0.2127215849843587,2,2,4.323057502289298,WS
48,150,600,0.053691275167785234,4,5,8.0,2.6933333333333334,12,0.2092230804179918,0.223016835016835,0.027208416470161437,0.012159743636253703,0.35823293245653515,0.006666666666666666,2.668080086327308,-0.06475245704419297,2.799642058165548,0.2092230804179918,4,4,8.36860151341969,WS
49,150,600,0.053691275167785234,4,5,8.0,2.1333333333333333,12,0.23394495412844038,0.23966233766233766,0.027208416470161437,0.012304250559284115,0.3553339684417805,0.006666666666666666,2.5123019697917126,0.041049307748360055,2.821029082774049,0.23394495412844038,5,5,8.338957143974458,WS
0,150,584,0.05225950782997763,3,4,7.786666666666667,44.74115555555555,59,0.09714441863642574,0.13410947737322207,0.3483584255396336,0.010115484612128906,0.4046083485501792,0.006666666666666668,3.2144932195478852,-0.11360942789398519,2.497091722595078,0.09714441863642574,4,4,12.808349864891085,BA
1,150,584,0.05225950782997763,3,4,7.786666666666667,37.967822222222225,43,0.09778299809132286,0.12301037069268721,0.23952475965898784,0.01030896668480561,0.39964105413127055,0.006666666666666668,3.2694958358932626,-0.11168448567773187,2.5257270693512304,0.09778299809132286,4,4,12.199700199629707,BA
2,150,584,0.05225950782997763,3,4,7.786666666666667,46.20782222222222,50,0.09853277695517566,0.13611214438706185,0.28713948848177034,0.0101275772416712,0.40423719815212156,0.006666666666666668,3.1443255849111305,-0.12952368613487095,2.498881431767338,0.09853277695517566,4,4,12.915000426096654,BA
3,150,584,0.05225950782997763,3,4,7.786666666666667,34.07448888888889,40,0.10308329498389324,0.12651197353848706,0.21911844730636676,0.010497611705665398,0.3951513949734478,0.006666666666666667,3.2821772406891694,-0.06599195051550219,2.5536465324384787,0.10308329498389324,4,4,12.178706899389981,BA
4,150,584,0.05225950782997763,3,4,7.786666666666667,35.07448888888889,40,0.09008189262966333,0.10851074732020559,0.21911844730636676,0.010443194872725074,0.39665050978229316,0.006666666666666667,3.293370267267606,-0.07799428872013049,2.545592841163311,0.09008189262966333,4,4,12.156390034455832,BA
5,150,584,0.05225950782997763,3,4,7.786666666666667,35.19448888888889,35,0.09995456610631531,0.12350260803734801,0.18510792671866497,0.010464961605901203,0.39604183920488367,0.006666666666666667,3.2899505777035274,-0.07974866888024397,2.548814317673378,0.09995456610631531,2,2,12.213558942897482,BA
6,150,584,0.05225950782997763,3,4,7.786666666666667,35.52782222222222,42,0.09459867229933615,0.1118349418995868,0.2327226555414475,0.010400870669327046,0.3974295296505911,0.006666666666666667,3.278290730961239,-0.07488528573743095,2.5393288590604026,0.09459867229933615,4,4,12.19663389369781,BA
7,150,584,0.05225950782997763,3,4,7.786666666666667,41.76782222222222,43,0.09301014656144306,0.13548031308142214,0.23952475965898784,0.010191668178245359,0.40258378000556944,0.006666666666666667,3.2046865735286665,-0.14635884209035277,2.508366890380313,0.09301014656144306,4,4,12.400721900148362,BA
8,150,584,0.05225950782997763,3,4,7.786666666666667,37.42115555555556,46,0.10236336779911373,0.12827979765310094,0.2599310720116089,0.010426869822842976,0.39714702857194,0.006666666666666668,3.25250105019322,-0.09668534087431163,2.5431767337807605,0.10236336779911373,4,4,12.31402010014764,BA
9,150,584,0.05225950782997763,3,4,7.786666666666667,41.114488888888886,50,0.10174542358450404,0.14300148844065333,0.28713948848177034,0.010190458915291129,0.402553172141088,0.006666666666666668,3.241331723069116,-0.11277453210196646,2.5081879194630874,0.10174542358450404,4,4,12.543864295488895,BA
10,150,584,0.05225950782997763,3,4,7.786666666666667,45.754488888888886,41,0.10182555780933063,0.15143098319593581,0.22592055142390713,0.010042324203398028,0.4059020082749217,0.006666666666666667,3.2283044245455392,-0.150290456074171,2.4862639821029084,0.10182555780933063,3,3,12.742397332746233,BA
11,150,584,0.05225950782997763,3,4,7.786666666666667,36.35448888888889,42,0.08968609865470852,0.11939633103455889,0.2327226555414475,0.010341012153092691,0.3987092799783294,0.006666666666666667,3.164515883523568,-0.14046320126810774,2.5304697986577183,0.08968609865470852,4,4,11.997149568683506,BA
12,150,584,0.05225950782997763,3,4,7.786666666666667,40.42115555555556,40,0.09349535382416012,0.11245263912349644,0.21911844730636676,0.010233387750166273,0.4012169140829054,0.006666666666666666,3.2541632960593767,-0.14393669762719669,2.5145413870246087,0.09349535382416012,1,1,12.452304013980504,BA
13,150,584,0.05225950782997763,3,4,7.786666666666667,40.44782222222222,43,0.09818493640131484,0.12150937910123052,0.23952475965898784,0.010264828586976239,0.40082500140516275,0.006666666666666667,3.287505960719057,-0.10938656005728903,2.5191946308724833,0.09818493640131484,2,2,12.52112224933703,BA
14,150,584,0.05225950782997763,3,4,7.786666666666667,40.04782222222223,38,0.08439787569972729,0.1175026315060101,0.20551423907128605,0.010197109861539388,0.40208360390928743,0.006666666666666667,3.227802576638708,-0.14206702412860697,2.50917225950783,0.08439787569972729,3,3,12.266787142136304,BA
15,150,584,0.05225950782997763,3,4,7.786666666666667,38.06115555555555,39,0.10032267527134058,0.1297958912601677,0.21231634318882642,0.010356127940020558,0.39861962077974483,0.006666666666666668,3.2070915094026318,-0.11231922017147973,2.5327069351230427,0.10032267527134058,4,4,12.301932376898506,BA
16,150,725,0.06487695749440715,3,4,9.666666666666666,34.92888888888889,36,0.11658991351229922,0.12018798049805364,0.17912207509522945,0.009576153334542597,0.4170157943889586,0.006666666666666668,3.652973007110825,-0.008204017305901165,2.4172706935123043,0.11658991351229922,5,5,13.566132741978915,BA
17,150,725,0.06487695749440715,3,4,9.666666666666666,43.408888888888896,42,0.11416291015829752,0.13641197007872233,0.21993469980047162,0.009453413144688312,0.4205323417847093,0.006666666666666668,3.5900908712005863,-0.0792032319214987,2.3991051454138703,0.11416291015829752,5,5,14.043694296191445,BA
18,150,725,0.06487695749440715,2,4,9.666666666666666,56.595555555555556,47,0.11654635258358663,0.15728290061674363,0.2539452203881734,0.009149283511699618,0.42849296718007546,0.006666666666666668,3.4820808690658396,-0.13061528764700533,2.354093959731544,0.11654635258358663,3,3,14.753608084350205,BA
19,150,725,0.06487695749440715,3,4,9.666666666666666,52.488888888888894,46,0.12622309197651663,0.15391283627012076,0.24714311627063304,0.009279883910756393,0.425082320123129,0.006666666666666668,3.516254466028534,-0.10111013419799451,2.3734228187919464,0.12622309197651663,5,5,14.689199745242119,BA
20,150,725,0.06487695749440715,3,4,9.666666666666666,54.262222222222235,46,0.11677774558099102,0.14921242276152588,0.24714311627063304,0.00920370034463994,0.4272049294770253,0.006666666666666668,3.4828577617072405,-0.11865460079884409,2.3621476510067114,0.11677774558099102,5,5,14.677146762365371,BA
21,150,725,0.06487695749440715,3,4,9.666666666666666,52.27555555555556,50,0.12171697373578988,0.1508749103002507,0.2743515327407945,0.009271419070076788,0.42535601873748063,0.006666666666666668,3.5355192287004886,-0.08471344657654575,2.372170022371365,0.12171697373578988,5,5,14.695521652186837,BA
22,150,584,0.05225950782997763,3,5,7.786666666666667,36.754488888888886,39,0.09464285714285714,0.12243001261298396,0.21231634318882642,0.010327105629119053,0.3991615356657267,0.006666666666666668,3.2313987531075266,-0.12177768997879378,2.5284116331096196,0.09464285714285714,4,4,12.04377137202016,BA
23,150,584,0.05225950782997763,3,4,7.786666666666667,36.447822222222214,40,0.0940719725250112,0.11920257243622959,0.21911844730636676,0.010412963298869338,0.39725274814374245,0.006666666666666668,3.218500860629829,-0.08353091511045309,2.5411185682326622,0.0940719725250112,4,4,12.283049006802159,BA
24,150,725,0.06487695749440715,3,4,9.666666666666666,56.50222222222223,47,0.12574850299401197,0.15047084475272865,0.2539452203881734,0.00924179212769817,0.42626403491961457,0.006666666666666667,3.53203929933773,-0.10268916470935406,2.367785234899329,0.12574850299401197,4,4,15.01235072724391,BA
25,150,584,0.05225950782997763,3,4,7.786666666666667,36.687822222222216,50,0.09024571854058079,0.11993205870415072,0.28713948848177034,0.010322268577302134,0.39931706940824685,0.006666666666666667,3.2778668874087717,-0.10471974750668193,2.5276957494407157,0.09024571854058079,4,4,12.033827661491237,BA
26,150,725,0.06487695749440715,2,4,9.666666666666666,49.87555555555556,41,0.11013567438148444,0.133316281217233,0.21313259568293125,0.009286534857004654,0.4248213973882488,0.006666666666666668,3.439444757743945,-0.10681979551535581,2.374407158836689,0.11013567438148444,5,5,14.418396769078603,BA
27,150,584,0.05225950782997763,3,4,7.786666666666667,41.68782222222222,43,0.0930888575458392,0.1325757474591996,0.23952475965898784,0.010227341435395127,0.4017061745436018,0.006666666666666667,3.281663084456458,-0.12442553065771139,2.5136465324384787,0.0930888575458392,2,2,12.532202661690457,BA
28,150,584,0.05225950782997763,3,4,7.786666666666667,40.62115555555555,48,0.0920114122681883,0.1339343023326331,0.27353528024668966,0.010204970070741884,0.4020932969430557,0.006666666666666668,3.232602161933805,-0.1453521446418636,2.5103355704697985,0.0920114122681883,4,4,12.23968292638231,BA
29,150,584,0.05225950782997763,3,4,7.786666666666667,36.447822222222214,35,0.10347916977751231,0.1268104035172491,0.18510792671866497,0.010423242033980288,0.39709714600224355,0.006666666666666667,3.267872956539816,-0.08676885495074911,2.542639821029083,0.10347916977751231,4,4,12.260189365493758,BA
30,150,584,0.05225950782997763,3,4,7.786666666666667,37.64782222222222,37,0.09105643141299544,0.12992586167152792,0.19871213495374568,0.01027027027027027,0.40051097591013574,0.006666666666666668,3.173946974801914,-0.1413116665492383,2.52,0.09105643141299544,4,4,12.012231339853916,BA
31,150,584,0.05225950782997763,3,4,7.786666666666667,35.16782222222223,37,0.10134828056355098,0.12163413341868726,0.19871213495374568,0.010441985609770844,0.39642578008733587,0.006666666666666667,3.2487296921695026,-0.09605193593611765,2.545413870246085,0.10134828056355098,4,4,12.173529963485755,BA
32,150,725,0.06487695749440715,3,4,9.666666666666666,48.982222222222234,39,0.1166013859596264,0.1485701722909445,0.19952838744785054,0.009369369369369369,0.42281913092303286,0.006666666666666667,3.5545629126747103,-0.08979728247389353,2.3866666666666667,0.1166013859596264,1,1,14.518503923476391,BA
33,150,584,0.05225950782997763,3,4,7.786666666666667,44.341155555555545,52,0.09095897928385238,0.11724467164412179,0.3007436967168511,0.010156599552572709,0.4036860124234696,0.006666666666666667,3.1436323415775136,-0.11042377519759096,2.5031767337807604,0.09095897928385238,4,4,12.812950457314326,BA
34,150,584,0.05225950782997763,3,4,7.786666666666667,33.70115555555555,35,0.10260360499152672,0.12567226706353773,0.18510792671866497,0.010498216337142511,0.39509698514430486,0.006666666666666668,3.2937935384774017,-0.08533721347770348,2.5537360178970916,0.10260360499152672,4,4,12.074810694897952,BA
35,150,584,0.05225950782997763,3,4,7.786666666666667,26.99448888888889,29,0.0841683366733467,0.09718245098221519,0.14429530201342283,0.010684442832093839,0.3906942814809813,0.006666666666666667,3.370073445097725,-0.040355055302769186,2.581297539149888,0.0841683366733467,4,4,11.438200535693905,BA
36,150,584,0.05225950782997763,3,4,7.786666666666667,36.59448888888888,38,0.08542039355992845,0.11307028413522971,0.20551423907128605,0.010311989842191185,0.3994045941770524,0.006666666666666667,3.2248377380267406,-0.12058700877308746,2.526174496644295,0.08542039355992845,4,4,12.080501491330768,BA
37,150,725,0.06487695749440715,3,4,9.666666666666666,59.54222222222223,60,0.12643036561540608,0.17394385981652513,0.3423725739161981,0.0091033315194389,0.4299737297167071,0.006666666666666667,3.5394532890820205,-0.12807565319965244,2.3472930648769577,0.12643036561540608,3,3,15.02547892376619,BA
38,150,725,0.06487695749440715,3,4,9.666666666666666,51.595555555555556,46,0.12026002166847237,0.15401964893070602,0.24714311627063304,0.009301046012455409,0.4245449295522203,0.006666666666666667,3.4804444622226547,-0.10426858831501662,2.3765548098434004,0.12026002166847237,5,5,14.579561432084134,BA
39,150,725,0.06487695749440715,3,4,9.666666666666666,52.088888888888896,50,0.10775269872423945,0.13939224602598707,0.2743515327407945,0.009218211500090693,0.426713064755612,0.006666666666666667,3.4637755865200734,-0.11559482681788993,2.364295302013423,0.10775269872423945,5,5,14.514022283480525,BA
40,150,296,0.026487695749440716,3,6,3.9466666666666668,13.65048888888889,26,0.03481012658227848,0.06556117602204559,0.15000906947215673,0.015333454259628754,0.3099456899562399,0.006666666666666668,2.452596043725039,-0.19926755753068112,3.269351230425056,0.03481012658227848,2,2,6.945535877049959,BA
41,150,725,0.06487695749440715,3,4,9.666666666666666,42.68888888888889,44,0.11164997364259358,0.12609709466961908,0.23353890803555233,0.009428018622649494,0.42102207046228185,0.006666666666666668,3.5289249417271953,-0.08634477782454428,2.3953467561521253,0.11164997364259358,5,5,13.953780096407872,BA
42,150,584,0.05225950782997763,3,4,7.786666666666667,34.08782222222222,46,0.10168711656441717,0.12249320312956063,0.2599310720116089,0.010588306427232604,0.39356036009336665,0.006666666666666668,3.318762192078972,-0.057833635348019365,2.5670693512304252,0.10168711656441717,4,4,12.180349894247428,BA
43,150,725,0.06487695749440715,3,4,9.666666666666666,50.47555555555556,43,0.1203694507895521,0.13506219379813558,0.22673680391801196,0.00936695084346091,0.4229948630221092,0.006666666666666667,3.5177087011072965,-0.066503356624375,2.386308724832215,0.1203694507895521,5,5,14.749266774295416,BA
44,150,584,0.05225950782997763,3,4,7.786666666666667,29.76782222222222,33,0.09538411878631375,0.11360265339542053,0.17150371848358426,0.0106088638974545,0.3926537780294586,0.006666666666666667,3.2905825456383524,-0.037500713985474915,2.5701118568232664,0.09538411878631375,4,4,11.72724826688046,BA
45,150,584,0.05225950782997763,3,4,7.786666666666667,37.941155555555554,36,0.09825231311499485,0.13569640699352942,0.19191003083620534,0.010275711953564304,0.4002102348710345,0.006666666666666667,3.2547173742613675,-0.12707203841174547,2.5208053691275167,0.09825231311499485,4,4,12.152373884084557,BA
46,150,584,0.05225950782997763,3,4,7.786666666666667,41.60782222222222,48,0.09062676453980802,0.13092131018125616,0.27353528024668966,0.010123344821331398,0.40393610842430294,0.006666666666666668,3.234351631041242,-0.14445329999554077,2.498255033557047,0.09062676453980802,4,4,12.26451311850447,BA
47,150,296,0.026487695749440716,4,6,3.9466666666666668,17.050488888888893,31,0.03905160390516039,0.08685538777032593,0.18401959005985852,0.015009371787895279,0.31546018927300745,0.006666666666666667,2.4296199646594454,-0.20111063044264732,3.221387024608501,0.03905160390516039,2,2,7.587632249786283,BA
48,150,296,0.026487695749440716,4,6,3.9466666666666668,17.183822222222222,29,0.031929662193428965,0.07709380151690574,0.1704153818247778,0.014594594594594593,0.32072434515987086,0.006666666666666667,2.3876485678214827,-0.21507990174912966,3.16,0.031929662193428965,2,2,7.487435752446381,BA
49,150,296,0.026487695749440716,3,6,3.9466666666666668,12.197155555555556,27,0.03861219921656407,0.06838221232958075,0.15681117358969707,0.015623072737166697,0.3061715618881803,0.006666666666666667,2.4995424296729425,-0.1397378705009647,3.3122147651006713,0.03861219921656407,2,2,6.976470199196788,BA
